Index,Country Name,Aruba,Afghanistan,Angola,Albania,Andorra,Arab World,United Arab Emirates,Argentina,Armenia,American Samoa,Antigua and Barbuda,Australia,Austria,Azerbaijan,Burundi,Belgium,Benin,Burkina Faso,Bangladesh,Bulgaria,Bahrain,"Bahamas, The",Bosnia and Herzegovina,Belarus,Belize,Bermuda,Bolivia,Brazil,Barbados,Brunei Darussalam,Bhutan,Botswana,Central African Republic,Canada,Central Europe and the Baltics,Switzerland,Channel Islands,Chile,China,Cote d'Ivoire,Cameroon,"Congo, Dem. Rep.","Congo, Rep.",Colombia,Comoros,Cabo Verde,Costa Rica,Caribbean small states,Cuba,Curacao,Cayman Islands,Cyprus,Czech Republic,Germany,Djibouti,Dominica,Denmark,Dominican Republic,Algeria,East Asia & Pacific (excluding high income),Early-demographic dividend,East Asia & Pacific,Europe & Central Asia (excluding high income),Europe & Central Asia,Ecuador,"Egypt, Arab Rep.",Euro area,Eritrea,Spain,Estonia,Ethiopia,European Union,Fragile and conflict affected situations,Finland,Fiji,France,Faroe Islands,"Micronesia, Fed. Sts.",Gabon,United Kingdom,Georgia,Ghana,Gibraltar,Guinea,"Gambia, The",Guinea-Bissau,Equatorial Guinea,Greece,Grenada,Greenland,Guatemala,Guam,Guyana,High income,"Hong Kong SAR, China",Honduras,Heavily indebted poor countries (HIPC),Croatia,Haiti,Hungary,IBRD only,IDA & IBRD total,IDA total,IDA blend,Indonesia,IDA only,Isle of Man,India,Not classified,Ireland,"Iran, Islamic Rep.",Iraq,Iceland,Israel,Italy,Jamaica,Jordan,Japan,Kazakhstan,Kenya,Kyrgyz Republic,Cambodia,Kiribati,St. Kitts and Nevis,"Korea, Rep.",Kuwait,Latin America & Caribbean (excluding high income),Lao PDR,Lebanon,Liberia,Libya,St. Lucia,Latin America & Caribbean,Least developed countries: UN classification,Low income,Liechtenstein,Sri Lanka,Lower middle income,Low & middle income,Lesotho,Late-demographic dividend,Lithuania,Luxembourg,Latvia,"Macao SAR, China",St. Martin (French part),Morocco,Monaco,Moldova,Madagascar,Maldives,Middle East & North Africa,Mexico,Marshall Islands,Middle income,North Macedonia,Mali,Malta,Myanmar,Middle East & North Africa (excluding high income),Montenegro,Mongolia,Northern Mariana Islands,Mozambique,Mauritania,Mauritius,Malawi,Malaysia,North America,Namibia,New Caledonia,Niger,Nigeria,Nicaragua,Netherlands,Norway,Nepal,Nauru,New Zealand,OECD members,Oman,Other small states,Pakistan,Panama,Peru,Philippines,Palau,Papua New Guinea,Poland,Pre-demographic dividend,Puerto Rico,"Korea, Dem. People’s Rep.",Portugal,Paraguay,West Bank and Gaza,Pacific island small states,Post-demographic dividend,French Polynesia,Qatar,Romania,Russian Federation,Rwanda,South Asia,Saudi Arabia,Sudan,Senegal,Singapore,Solomon Islands,Sierra Leone,El Salvador,San Marino,Somalia,Serbia,Sub-Saharan Africa (excluding high income),South Sudan,Sub-Saharan Africa,Small states,Sao Tome and Principe,Suriname,Slovak Republic,Slovenia,Sweden,Eswatini,Sint Maarten (Dutch part),Seychelles,Syrian Arab Republic,Turks and Caicos Islands,Chad,East Asia & Pacific (IDA & IBRD countries),Europe & Central Asia (IDA & IBRD countries),Togo,Thailand,Tajikistan,Turkmenistan,Latin America & the Caribbean (IDA & IBRD countries),Timor-Leste,Middle East & North Africa (IDA & IBRD countries),Tonga,South Asia (IDA & IBRD),Sub-Saharan Africa (IDA & IBRD countries),Trinidad and Tobago,Tunisia,Turkey,Tuvalu,Tanzania,Uganda,Ukraine,Upper middle income,Uruguay,United States,Uzbekistan,St. Vincent and the Grenadines,"Venezuela, RB",British Virgin Islands,Virgin Islands (U.S.),Vietnam,Vanuatu,World,Samoa,Kosovo,"Yemen, Rep.",South Africa,Zambia,Zimbabwe
1,1960,,356.5,,,,,199.9,,,,,24.9,42.8,,,33.9,321.2,342,259.2,,200,,,,,,289.1,169.4,83.7,,,169.2,282.6,32.6,,26.5,,157.3,,317.5,277.8,,183,134.7,,,,,,,,,,,,139.3,25,147.2,241.7,,,,,,176.6,314.1,,,46.3,,,,,26.8,76.8,28.5,,,,26.6,,209.4,,,360.6,,,46.5,,,219.6,,91.4,,,208.8,,,284.2,53.6,,,,,222.5,,,242,,35.2,,191.6,21.4,,52,82.4,155.4,39.7,,196.9,,,,,111.4,140,,,75.9,311.7,279.6,,,,,,97.1,,,189,,,,,,,237.8,,,,,,149.2,121.9,,,,40.7,,,,,,,251.2,103,,92.6,,,,,,197.8,21,22.6,322.7,,27.9,,,,258.8,90.2,226.8,102.9,,199.1,64.9,,,,114.3,81.9,,,,,,,,221.8,,,176,294.8,47.8,186.7,393.9,184.7,,,,,,,,,,,,19.6,213.2,,101.9,171.1,,,,,269.6,146.5,,,,,,,,,67.1,,258.7,,242.3,222.6,,,64,30.1,,,79.5,,,,153.4,,,,,,205.7,150.4
2,1961,,350.5,,,,,190.4,,,,,24.3,40.2,,,32.4,315.9,338,252.8,,182.9,,,,,,283,164.6,78,,,164,277.2,31.6,,26,,148.6,,309.2,271.8,,179,130.2,,,,,,,,,,,,127.3,24.4,145.9,242.2,,,,,,171.1,304.1,,,43,,,,,25.2,73.4,27,,,,26.1,,207,,,354.1,,,45.3,,,215,,87.6,,,202,,,279.7,51.3,,,,,216.6,,,238.4,,33.8,,180.6,21.1,,49.8,78.9,146.2,36.2,,188.6,,,,,106,131,,,73.7,311.9,261.6,,,,,,93.2,,,188.1,,,,,,,232.9,,,,,,142.9,116.1,,,,39.1,,,,,,,244.6,98.6,,86.3,,,,,,195.6,20.4,22.1,318.8,,26.9,,,,249.5,87.5,220.3,99.7,,192.7,59.4,,,,110,81.2,,,,,,,,217.5,,,173.2,294.7,43.8,177.3,388.1,180.9,,,,,,,,,,,,19.2,210.8,,100,162.6,,,,,264.9,141.4,,,,,,,,,64.8,,250.8,,240.1,217.8,,,62.6,29.5,,,76.8,,,,149.5,,,,,,201.6,145.9
3,1962,,344.8,,,,,180.6,,,,,23.7,37.9,,,31.1,309.9,334.3,247,,166.8,,,,,,277,160.1,73.1,,,158.8,271.8,30.5,,25.4,,142.1,,301.1,266.8,,175.2,126,,,,,,,,,,,,116.5,23.8,144.2,242.8,,,,,,165.9,294.1,,,40.2,,,,,23.8,70.5,25.7,,,,25.6,,205.2,,,348,,,43.9,,,210.4,,84.2,,,195.3,,,275.7,49.6,,,,,210.9,,,235,,32.5,,170.6,20.7,,47.6,75.7,137.8,32.9,,181.3,,,,,101.1,122.2,,,71.7,311.6,244.3,,,,,,89.6,,,187.9,,,,,,,227.9,,,,,,137.5,110.8,,,,37.7,,,,,,,238,93,,80.4,,,,,,193.5,19.8,21.5,314,,25.8,,334.4,,240.8,84.8,213.6,97,,186.5,55.7,,,,104.5,80.6,,,,,,,,214.1,,,170.4,295,40.6,168.4,382.1,177.1,,,,,,,,,,,,18.6,208.1,,97.9,154.7,,,,,260.3,136.3,,,,,,,,,62.6,271.4,242.8,,237.6,213.5,,,61,28.9,,,74.4,,,,145.3,,,,,,197.9,141.3
4,1963,,339.3,,,,,170.6,,,,,23.2,35.9,,,30,303.1,330.8,241.6,38.6,152,,,,,,271.1,155.8,68.7,,,153.5,266,29.4,,24.6,,135.7,,293.3,262.8,,171.2,121.9,,,,,47,,,,,,,107,23,142.1,243.7,,,,,,161.1,284.3,,,37.8,,,,,22.5,67.9,24.5,,,,24.9,,203.8,,,341.9,,,42.4,,,205.8,,81.5,,,188.7,,,271.4,47.8,,,,,205.3,,,231.8,,31.3,,161.3,20.2,,45.3,72.7,129.8,29.8,,174.9,,,177.7,,96.4,113.9,,,69.7,310.5,227.8,,,,,,86.3,,,188.2,,,,,,,222.8,,,,,,132.8,105.9,,,441.9,36.6,,,,,,,231.6,87.2,,75.1,,,,,,191.5,19.3,21,308.6,,24.7,,320,,232.5,82.2,206.6,94.7,,180.3,52.5,,,,97.8,80.1,,,,,,61,,211.8,,,167.8,295.5,38.2,160.1,376,173.8,,,,,,,,,,,,17.9,204.9,,95.7,147.2,,,,,255.9,131.4,,,,,,79,,,60.6,258.7,234.7,,235,209.4,,,59.6,28.3,,,72.5,,,,140.7,,,,,,194.9,136.7
5,1964,,334.1,,,,,160.4,,,,,22.7,34.2,,239.7,28.9,295.7,327.6,236.7,38.1,138.3,,,,,,265.1,151.9,64.8,,,148.6,260,28.2,,23.6,,127.1,,285.8,258.2,,167,118.1,,,,,45.9,,,,,,,98.7,22.1,139.8,245,,,,,,156.7,275.2,,,35.8,,,,,21.3,65.6,23.3,,,,24.2,,202.8,,,335.8,,,41.1,,,201.2,,79.3,,,182.4,,,267.3,46,,,,,199.6,,,228.9,,30.1,,152.9,19.7,,43.2,70.1,122.5,27,,169.7,,,170.9,,91.6,105.9,,,68.1,308.9,212.5,,,,,,83.2,,,188.4,,,30.2,,,,217.7,,,,313.4,,128.7,101.4,,,434.2,35.5,,,,,,,225.3,83.5,,70.4,,,,,324.8,189.1,18.8,20.4,302.5,,23.8,,306.1,,225.1,79.7,199.5,92.6,,174.3,49.1,,,,91,79.7,,,,,,54.3,,210.6,,,165.4,296.1,36.5,151.9,369.9,170.5,,,,,,,,,,,,17.1,201.1,,93.2,140.3,,,,,251.3,126.6,,,,,,74.2,,,58.7,246.6,227.1,,232.3,205.4,,,58.6,27.7,,,70.8,,,85.6,136.3,,,,393.4,,192.4,132.2
6,1965,,328.5,,,,,149.9,,,,,22.4,32.7,,241.6,27.9,288.6,324.8,232.6,37.6,125.5,,,,,,259.2,148.4,61.3,,,143.8,253.6,27.1,,22.5,,115.7,,278.6,252.6,,162.7,114.6,,,89.8,,45,,,,,,,91.5,21.1,137.2,246.2,,,,,,152.8,267.1,,,34,,,,,20.2,63.5,22.3,,,,23.4,,202.5,,,329.8,,,39.8,,,196.6,,77.5,,,176.2,,,263.1,44.4,,,,,194,,,226.2,,28.7,,145.1,19.1,,41.1,67.6,115.8,24.6,,165.6,,,164.3,,86.7,98.3,,,66.5,306.7,197.8,,,,,,80.5,,,188.4,,,28.7,,,,212.3,,,,305.1,,125,97.2,,,426.5,34.3,,,,,,271.4,218.9,85.2,353.2,66.3,,,,,318,186.7,18.3,19.7,296.1,,23.1,,293,,218.2,77.4,192.5,90.7,,168.6,45.7,,,,85.2,79.4,,,,,,53.2,,210.1,,,163.2,296.2,35,144.3,363.5,167.3,,,,,,,,97.7,,,,16.3,197,,90.5,133.6,,,,,246.8,121.8,,,,,,69.7,,,57.1,234.5,219.7,,229.1,201.7,,,58,27.1,,,69.4,,,85,131.5,,,,384.1,,190.5,127.8
7,1966,,323,,,,,139.2,,,,,22.1,31.5,,243.3,27,282.1,322.5,229.3,37,113.7,,,,,,253.2,145.2,58.2,,,139.3,247.1,26,,21.6,,104.1,,271.4,246,,158.1,111.2,,,85.3,,44.8,,,,,,,85.4,20,134.5,247,,,,,,149.2,260.1,,,32.3,,243,,,19.3,61.7,21.4,,,,22.8,,202.5,,334.6,324.1,,,38.6,,,192,,76.1,,,170.1,,,258.8,43.2,,,,,188.2,,,223.5,,27.1,,137.8,18.4,,39.3,65.3,109.6,22.6,,162.4,,,158.2,,81.4,91.5,,,65.2,303.6,184,,,,,,78.1,,,187.8,,,27.3,,,,207,,,,296.4,,121.6,93.3,,,419.4,33.2,,,,,,272.4,212.6,92.4,351.1,62.9,,,,,311.2,184.1,17.8,19,289.6,,22.5,,279.5,,212,75.2,185.9,88.9,,162.9,42.8,,,,80.8,79.1,,,,,,57.9,,210.8,,,161.2,296,33.5,136.5,356.9,164.2,,,,,,,,94.1,,,,15.5,193,,87.4,127.1,,,,,242.1,117.1,,,,,,65.3,,,55.7,222.7,212.7,,225.9,198.1,,,57.6,26.4,,,68.1,,,84.4,126.8,,,,373.8,,189.3,123.8
8,1967,,317.5,,,,,128.7,,,,,22,30.5,,245.2,26.2,276.6,320.5,226.6,36.4,102.9,,,,109.9,,247.3,142.1,55.5,,,134.6,240.5,25,,20.7,,94.2,,264.3,238.2,,153.6,107.8,,,81.9,,45.1,,,,,,,79.9,19,131.7,247.1,,,,,,146,254.6,,,30.6,,242.7,,,18.4,60.2,20.6,,,,22.2,,202.7,,331.8,318.1,,,37.2,,,187.4,,75,,,164.1,,,254.2,42.1,,,,,182.4,,,220.9,,25.5,,131.1,17.8,,37.8,63.1,103.9,21,,159.4,,,152.5,,76.2,85.3,,,64.1,299.9,170.7,,,,,,76,,,186.2,,25.6,26,,,,201.7,,,,287.8,,118.4,89.6,,,413.4,31.9,,,,,,273.3,206.2,98.3,349.1,60,,96.6,,311.8,304.7,181.2,17.3,18.2,282.9,,22,,266.5,,206.5,73.1,179.8,87.3,,157.5,40.5,,,,77.5,78.9,,,,,,64.1,,212.6,,,159.5,295.1,31.9,128.5,350.6,161.1,,,,,,,,91.1,,,,14.9,189,,84,120.9,,,,,237.5,112.5,,,,,,61.1,,,54.4,210.9,206,,222.5,194.8,,,57.2,25.7,,,66.8,,,83.7,122,,,,362.3,,188.3,120.1
9,1968,,312.1,,,,,118.3,,,,,21.9,29.8,,246.4,25.5,272.3,318.5,224.6,35.4,92.9,29.3,,,105.2,,241.3,139,53,,,130,234.1,24,,19.9,,86.7,,257.3,229.2,,149.3,104.4,,,80,,45.3,,,,,27.2,,74.7,18.2,128.8,246.3,,,,,,143.1,250.2,,,28.7,,242.4,,,17.6,59,19.9,,,,21.8,,202.8,,328.7,312.2,,,35.6,,,182.6,,74.2,,,158.2,,,249.7,40.9,,,,,176.5,,,218.2,,24.1,,124.8,17.1,,36.4,61,98.6,19.6,,156.4,,,147.3,,70.9,79.7,,,63,295.2,158.5,,,,,,74.3,,,183.9,,26.4,24.7,,,,196.5,,,147.5,279.2,,115,86.1,,,408.1,30.5,181,,,,,273.9,200.3,94.6,346.7,57.5,,96.9,,315.7,297.9,178.1,16.8,17.5,276.4,,21.6,,253.3,,201.6,70.9,174.4,85.8,,152.2,38.8,,,,75,78.5,,,,,,65.5,,214.9,,,157.9,293.5,30.3,120.8,344.4,158,,,,,,,,88.7,,,,14.4,185.2,,80.2,114.8,,,,,232.8,107.8,,,,,,57,,,53.3,199.6,199.6,,219.1,192.1,,,56.6,24.9,,,65.4,,,83.1,117.3,,,,350.4,,187.1,117.2
10,1969,,306.6,,,,,108.1,73.1,,,,21.7,29.4,,247.5,24.8,268.7,316.6,223.2,34,83.7,30,,,100.7,,235.2,136,50.5,,277.8,125.2,228,23,,19.2,,81.9,117.2,250.5,220.1,249.6,145.3,101,,186.5,79.1,,44.8,,,,,26.4,,69.5,17.3,125.9,244,,,,,,140.4,246.6,,,26.5,,242.5,,,16.8,58,19.1,,,,21.4,,202.6,,325.6,306.5,,,33.5,,,177.7,,73.6,,,152.3,,,245,39.8,,,,,170.7,,,215.4,,23,,118.9,16.5,,35.1,59,93.6,18.5,,153.2,,,142.2,,65.8,74.7,,,62.2,290.1,146.8,,,,,,72.9,,,180.9,,25.1,23.5,,,,191.7,,,149.1,270.2,,111.3,82.6,,,403.5,29.2,177.8,,,,,273.7,195.7,85.6,343.8,55.3,,97.4,,319.7,291,174.6,16.2,16.9,270.1,,21.2,,240.4,,197.1,68.4,169.4,84.6,,147,37.5,,,,72.4,78.1,,,,,71.1,61.8,,217.9,,,156.6,290.8,28.8,112.6,338.2,155,,,,,,,,87.2,,,,13.9,181.8,,76.1,108.9,,,,,228,103.2,,,,,,53.1,,,52.3,188.8,193.5,,215.8,189.8,,,55.4,24.1,,63.1,63.9,,,82.5,112.5,,,,338,,184.7,115
11,1970,,300.9,,,,,98.4,72.3,,,,21.5,29.1,,248,23.9,265.4,314.7,222.2,32.5,75.4,30.6,,,96.4,,229.1,132.7,48.2,,269.6,120.5,222.3,22,,18.4,,79.3,111.5,243.4,211.3,246.3,141.4,97.5,224.9,171.7,76.8,,43,,,,,25.6,,64,16.6,122.9,240,,,,,,137.6,243.5,,,24.2,,242.6,,,16.1,57.3,18.2,,,,21,,201.9,,322.5,300.4,,,31.3,,,172.7,,73.2,,,146.7,,,240.2,38.9,,,,,165,,,212.5,,22.2,,113.4,15.9,,33.6,56.9,89.1,17.5,,150,,,137.7,70.2,61.2,70.1,,,61.4,284.9,135.9,76.6,,,,,71.7,,,177.2,,22.7,22.3,,,,187.2,,,150.6,260.7,,107.5,79.3,,,399.3,27.8,174.5,,,,,273.3,192.4,80,339.7,53.3,,97.9,,324,283.7,170.9,15.6,16.2,264.3,,20.8,,227.9,,193,65.6,164.5,83.6,,142.1,36.2,,,,68.6,77.7,,,,,66.3,56,38.3,221.2,,,155.6,287.1,27.4,104.6,332.1,152,,,,,,,,86.4,,,,13.4,177.6,,71.9,103.3,,,,,223.1,98.6,,,,,,49.6,,,51.2,178.8,187.6,,212.6,188.5,,,54.2,23.3,,66.3,62.3,,,81.8,108.1,,,,325.9,,181.1,113.3
12,1971,,295.3,,,,,89.3,71.5,,,,21,28.7,,248.4,23,262.2,312,221.4,31.2,68,31.2,,,92.4,,222.9,129.4,45.8,,261.8,115.5,217,21,,17.6,,77.9,105.8,236,203.7,243,137.6,93.9,220.2,157.9,71.6,,39.8,,,,,24.9,,58,15.8,119.6,234.9,,,,,,134.3,240,,,22.1,,242.6,,,15.4,56.7,17.4,,,,20.6,,200.6,,319.2,294,,,29.4,,,167.7,,73,,,141,,,235.2,38.3,,,,,159.6,,,209.3,,21.8,185.9,108.3,15.3,,31.8,54.9,84.7,16.5,84.8,146.6,,,133.8,68.1,57,65.9,,,60.6,280.1,125.8,69.5,,,,,70.6,,,173.3,,21.2,21.1,,,,183,,64.5,152.5,250.7,,103.7,76.2,,,395,26.5,171.3,,,,,272.4,190.3,80.5,334.3,51.4,,98.5,,327.9,275.9,166.6,15,15.6,258.6,,20.3,,215.4,,189.3,62.6,159.8,83,,137.5,34.5,,,,63.3,77,,,,,61.9,50.7,36.6,224.5,,,154.7,282.1,26,97.2,326.8,149,,,,,,,,86.3,,,,12.9,173,,67.7,97.9,,,,,218.3,94,,,,,,46.4,,,50.2,169.3,181.6,,209.2,188.3,33.9,,53.4,22.4,,69.6,60.5,,,81,103.7,,,,313.7,,176.2,112.1
13,1972,,290,,,,,80.8,70.3,,,,20.3,28,,248.8,21.9,258.3,308.2,220.7,30.3,61.4,31.7,,,88.7,,216.7,125.9,43.4,,254.1,110.5,211.9,19.9,,16.7,,76.9,100.5,228,197.8,239.7,133.6,90.2,215.5,145.5,64.6,,35.9,,,,,24,,51.8,14.9,116.1,228.5,,,,,,130.5,235.8,,,20.5,,242.7,,,14.6,56.2,16.6,,,,20,,198.3,,316,287.9,,,28.2,,,162.6,,72.8,,,135.4,,,230.2,38.1,,,,,154.3,,,205.9,,21.4,177.2,103.4,14.7,,29.8,52.8,80.7,15.7,82.9,142.9,,,130.4,66,53.4,62,,,59.9,275.5,116.9,62.9,,,,,69.5,,,169.2,,21.1,19.9,,,,178.9,,62.8,154.7,239.8,,99.9,73.6,,,389.9,25.1,167.8,,,,,271.1,189.3,81.9,327.6,49.4,,99.1,,331.4,267.9,161.9,14.4,15,253.1,,19.8,,203.2,,185.8,59.6,155,82.5,,133,32.4,,,,57.7,76.2,,,,,57.7,46.8,35,228.6,,159.3,153.8,276.1,24.3,90.1,321.8,145.7,,,,,,,,86.8,,,,12.3,167.5,,63.4,92.8,,250,,,213.5,89.6,157.2,,,,,43.6,,,49.2,160.2,175.7,,205.8,188.9,32.7,,53.6,21.5,,72.5,58.7,,,80,99.5,,,,302.3,,170.6,111.3
14,1973,,283.9,,,,,73,68.8,,,,19.4,26.8,,249.3,20.8,253.5,302.2,219.6,29.7,55.7,32.1,,,85.1,,210.5,122.5,41.1,,246.3,105.4,207.3,18.9,,15.8,,75,95.1,219.4,193.9,236.2,130.2,86.4,211,134.3,57.9,,32.5,,,,,23.1,,45.5,13.9,112.3,221,,,,,,126.2,230.3,,,19.5,,242.5,,,13.8,55.6,16,,,,19.4,,195.2,,312.6,281.6,,,27.6,,,157.6,,72.7,,,129.9,,,225.1,38.2,,,,,149.3,,,202.3,,21.1,168.7,98.7,14.1,,27.6,50.9,76.8,14.9,81,139.1,,,127.7,64.1,50.4,58.3,,,59,271.1,108.8,56.7,,,,,68.1,,,164.7,,21.7,18.7,,,,174.6,,61,157.2,228,,96.3,71.5,,,384,23.8,164.5,,,,,269.6,188.7,78.8,319.8,47.3,,99.5,,333.9,259.7,156.5,13.8,14.3,247.7,,19.4,,191,,182.5,56.5,150.3,82.3,,128.8,30.4,,,,52.6,75.3,,,,,54.1,44.9,33.5,233.9,,149.5,153,269,22,83.8,316.5,142.1,,,,,,,,87.5,,,,11.6,161,,59.1,88.1,,248.8,,,208.6,85.3,151.7,,,,,41.1,,,48.2,151.4,169.8,,202.1,190.8,31.6,,54.2,20.6,,74.5,56.9,,,79,95.6,,,,291.2,,165,110.9
15,1974,,278.2,,,,,66,66.6,,,,18.4,25.1,,250.1,19.6,247.9,294.2,218.2,29.1,50.7,32.3,,,81.8,,204.2,119.1,38.9,,238.7,100.3,203,18,,14.8,,70.9,89.7,210.4,191.6,232.4,126.7,82.4,206.3,124.2,52.2,,30.5,,,,,22,,39.7,13.1,108.4,212.4,,,,,,121.2,223.4,,212.1,19.2,,242.3,,,13,54.9,15.4,,,,18.7,,190.8,,309.1,275,,,27.1,,,152.6,,72.5,,,124.7,,,219.8,37.8,,,,,144.5,,,198.2,,20.6,160.1,94.2,13.6,29,25.3,49.1,73.2,14.1,79.3,135,,,125.7,62.3,47.9,54.7,,,58.1,266.3,101.5,51.1,,,,,66.6,,,159.7,,22.3,17.6,,,,169.9,,59.3,159.9,216.2,,93,70,,,376.7,22.6,161.1,,,,,268.1,187.6,71.7,311.1,44.9,,100,,335.1,251.5,150.5,13.3,13.6,242.4,,18.9,,179.1,,179.4,53.8,145.6,82.3,,124.8,28.9,,,,47.9,74.3,,,,,50.7,44,32.2,239.7,,139.9,152.1,260.7,19.6,77.9,311.5,138.2,,,,,,,,88.2,,,,11,154,,54.7,83.5,,247.5,,,203.9,81.2,146.5,,,,,38.9,,,47.1,142.6,163.8,,198,193.6,30.7,,55,19.7,,75.3,55.2,,,77.8,91.7,,,,280.4,129.5,160.4,110.8
16,1975,,272.2,,,,,59.7,63.9,,,,17.3,23,,250.6,18.6,241.5,284.1,216.1,28.6,46.3,32.2,,,78.7,,197.9,115.6,36.7,,231.2,95.1,199.1,17,,13.8,,64.4,84.3,201.2,190.5,229,123.3,78.3,201.5,115.4,46.4,,29.1,,,,,20.8,,34.4,12.3,104.4,203.1,,,,,,115.9,215,,207.7,19.4,,242.3,,,12.2,53.8,14.9,,,,18,68,185.8,,305.1,268.5,,,26.2,,,147.7,,72.3,,,119.4,,,214.5,35.9,,,,,139.9,,,193.7,,20,151.5,89.9,12.9,26.2,23.1,47.5,69.8,13.3,77.9,130.7,111.7,306.1,124.3,60.6,45.7,51.4,,,57.2,261.5,94.9,46.1,,,,,64.7,,,154.4,,22.5,16.7,,,,164.6,,57.6,162.7,204.5,,90,69,,,368.4,21.4,157.4,,,,,266.5,185.7,63.7,302,42.5,,100.4,,334.5,243.6,144,12.8,12.9,237.3,,18.3,,167.1,,176.6,51.4,141.3,82.2,,121,27.9,,,,43.5,73,107.7,,,,47.6,42.8,31.1,245.2,,131.3,151,251.2,17.6,72.5,306.5,134.1,,,,,,,,88.7,,,,10.3,146.8,,50.2,79.2,,246.2,,,199.3,77.3,141.8,,,,,37,,,45.9,133.9,157.7,82.5,193.8,197.1,29.9,,55.4,18.8,,74.4,53.4,,,76.4,88,,,,269.1,122.7,157.1,110.8
17,1976,,266.2,,,,,53.9,60.4,88,,,16.2,21.1,,249.9,17.6,234.6,273.6,213.5,27.9,42.6,31.9,,,75.7,,191.8,112.2,34.6,,223.7,90,195.5,16,,12.9,,56.7,79,192.3,190,225.4,120,74,196.4,107.8,40,,27.3,,,,,19.5,172.9,30,11.6,100.6,193.4,,,,,,110.7,205.7,,203.5,19.6,,242.3,,,11.4,52.4,14.4,,,,17.2,66,180.7,,300.9,261.8,,,25.1,,,142.8,,72.1,,,114.3,,,209.2,32.5,,,,,135.6,,,188.9,,19.1,142.7,85.8,12.3,23.7,21.1,46,66.6,12.5,76.4,126.2,108.8,282.5,123,59,43.8,48.1,,,56,257.2,88.9,41.8,,,,,62.4,,,148.5,,22.5,15.8,,,,158.9,,55.9,165.2,193.5,,86.9,68.2,,,359.5,20.3,153.9,,,,,264.9,182.7,56.8,292.4,39.9,,100.8,,332.2,236.1,137,12.4,12.2,232,,17.7,,155.3,,173.9,49.3,137.5,82.1,,117.4,27,,,,39.4,71.6,101.4,,,,44.9,40.7,30.1,249.2,,123.1,150,240.9,16.2,67.6,301.7,129.6,,,,,,,,89.1,,,,9.8,140.1,,45.8,75.2,,245,,,194.7,73.6,137.8,,,,,35.2,,,44.7,125.2,151.6,79.1,189.6,201.1,29.3,,54.6,17.9,,71.7,51.7,,,74.9,84.5,,,,257.2,116.2,155.2,110.7
18,1977,,260.2,,,,,48.6,56.2,84.4,,,15.2,19.4,,247.1,16.7,228.1,263.1,210.4,27,39.4,31.5,,,72.7,,185.8,108.6,32.6,,216.4,85.1,192.2,15.1,,12.1,,48.9,74,184,189.2,221.8,116.8,69.7,191,101.4,33.9,,24.7,,,,,18.3,167.9,26.4,11.1,96.9,183.4,,,,,,105.9,196,,199.7,19,,242.1,,,10.6,50.7,13.9,,,,16.5,64.1,175.7,,296.4,255.5,,,23.8,,,138,,71.6,,,109.3,,,204,29.1,,,,,131.6,,,183.7,,18.1,133.7,82.1,11.6,21.8,19.5,44.7,63.5,11.8,75.1,121.7,105.8,258.4,122.3,57.3,42,45,,,54.7,253.3,83.6,38.2,,,,,59.7,,,142.4,,22.3,15.1,,,,152.6,,54.2,167.6,183.1,,83.8,67.5,,,350.3,19.3,150.6,,,,,263.7,178.8,51.1,282.7,37.4,,100.9,,328.3,229.2,129.7,12,11.5,226.3,,17.1,,143.8,,171.4,47.6,134.2,81.9,,114.2,26.2,,,,35.6,70.2,95.3,,,,42.4,38.7,29.4,249,,115.3,148.9,230.5,15.4,63.2,297.2,124.8,,,,,,,,89.3,,,,9.4,133.8,,41.5,71.3,,243.5,,,190.1,70,134.8,136.9,,,,33.6,,,43.5,116.9,145.5,75.9,185.5,205.2,28.7,,52.3,17.1,,67.8,49.9,,,73.3,80.8,,,,244.9,110.1,154.7,110.4
19,1978,,254.1,,95,,,43.7,51.7,81.1,,,14.4,18.1,,242,15.9,222.4,253.6,206.8,26,36.6,31,,,70.1,,180.2,104.8,30.7,,209,80.3,189.1,14.2,,11.4,,42,69.6,176.8,187.6,218,113.7,65.4,185.6,96.2,29,,22.3,,,,,17.1,163.3,23.5,10.6,93.4,172.9,,,,,,101.3,186.2,,196.2,17.7,,241.6,,,9.9,48.7,13.4,,,125.6,15.7,62,171.4,,291.8,249.4,,,22.4,,,133.3,,71.1,,,104.4,,,198.8,26.7,,,,,127.7,,,178.3,,16.9,124.5,78.6,11,20.2,18.1,43.4,60.6,11.1,73.6,117.1,102.7,231.7,121.8,55.5,40.1,42,,214.4,53.3,249.3,78.9,35.4,,,,,56.8,,,136,,21.9,14.5,,,,146,,52.6,169.6,173.1,,80.6,66.8,,,341.2,18.4,147.1,,,173.5,,262.7,174.2,46.7,272.3,35,,100.7,,323.9,223.1,122.3,11.6,10.9,220.4,,16.6,,132.3,,169,46.2,131.3,81.4,,111.1,25.4,,,,32.4,68.6,89.7,,,,40.2,37.5,28.7,243,,108,147.9,220.7,15.1,59.3,293.1,119.7,,,,,,,,89.7,,,,9,128.1,,37.4,67.6,,242.2,,,185.6,66.8,132.7,131.9,,,,32.1,,,42.3,109,139.4,73,181.9,208.6,28.1,,48.7,16.3,,63,47.9,,,71.6,76.9,,,,232.3,104.3,155.1,109.6
20,1979,,247.7,,87.2,,,39.4,47.4,77.9,,,13.6,17.1,,234.7,15.2,217.5,245.5,202.7,25,34.1,30.5,,,67.4,,174.9,100.7,28.9,,201.7,75.8,186.3,13.3,,10.8,,36.8,65.7,170.8,184.8,214.7,110.8,61.4,179.9,92.1,25.7,,20.8,,,22.4,,16,158.7,21.3,10.3,90.1,161.7,,,,,,96.9,176.7,,193.1,16.3,,240.6,,,9.2,46.6,12.8,,,121.2,14.9,60.1,168.1,,286.9,243.5,,,20.9,,,128.7,,70.6,,,99.6,,,193.7,25.2,,,,,123.9,,,172.8,,15.5,115.5,75.4,10.3,19,17,42.1,57.9,10.5,72,112.7,99.5,204.4,121.5,53.5,38.1,39.1,,208.7,51.7,245.9,74.6,33.1,,,,,53.6,,,129.6,,21.2,13.9,20.7,,,139.3,,51.3,171.6,163.8,,77.1,66.1,,,332.7,17.7,143.8,,,167.3,,261.9,169.3,43.3,262.4,32.6,,100.2,,320.2,217.8,115.2,11.2,10.4,214.3,,16.1,,121.2,,166.7,44.8,128.6,80.8,,108.3,24.7,,,,29.7,66.9,84.4,,,,38.2,36.8,28.2,231.4,,101.1,146.9,211.7,15,56,288.9,114.4,,,,,295.4,,,90.2,,,,8.7,122.6,,33.7,64.1,,240.6,,,181.3,63.6,131.4,127,,,,30.8,,,41,101.8,133.4,70.4,178.9,211,27.6,,44.3,15.6,123.9,58,46,,,70,72.8,,,,219.9,98.8,155.6,108
21,1980,,241.3,235.6,80.1,,,35.5,43.5,74.9,,,13,16.2,,225.4,14.5,213.5,239,198.3,23.9,32,29.9,,21,64.8,,170,96.5,27.3,,194.2,71.6,183.8,12.5,,10.4,,33.1,62.3,165.8,181,211.4,107.6,57.5,174.2,89.1,23.7,,20.1,,,20.8,,15,154.4,19.7,10,86.9,149.1,,,,,,92.4,167.2,,190.2,14.9,22.5,238.9,,,8.7,44.3,12.4,,,117,14.1,58.2,165.8,,282,237.3,,,19.5,,,124,,70,,,95,,,188.8,23.9,,,,,120.3,,,167.5,,14.3,106.9,72.5,9.7,18.1,16.1,40.9,55.3,9.9,70.1,109.5,96.1,178.7,121.1,51.2,36,36.2,,203.3,50.1,242.5,70.7,31.2,,,,,50.1,,,123.4,,20.4,13.5,20.7,,,132.6,,49.9,174,155.1,,73.3,65.1,,,324.7,16.9,140.7,,,161.4,,261.6,164.7,40.2,253.5,30.3,,99.1,,317.8,213.7,108.3,10.9,10.1,208,,15.6,,110.5,,164.3,43.4,125.8,79.9,,105.7,24,,,,27.6,65.1,79.4,,,,36.3,35.9,27.6,216.5,,94.5,145.9,204.1,14.8,53.2,285,108.8,,,,,292.1,,,91,,,,8.4,117,,30.5,60.8,,238.8,,,177.2,60.7,130.5,122.3,,,,29.6,,,39.9,95.3,127.4,68,176.9,212.5,26.9,,39.9,15,116.3,53.2,44.1,,,68.3,68.6,,,,207.3,93.8,156.6,105.2
22,1981,,234.6,233,73.6,,,32.1,40.1,71.9,,,12.6,15.5,,214.9,13.9,210.3,233.5,193.8,23,30.1,29.4,,20.2,62.2,,165.5,92.2,25.9,,187,67.6,181.8,11.8,,10,,30,59.5,161.8,176.1,208.2,104.7,53.9,168.4,87.1,22.9,,19.9,,,19.2,15.4,14.1,150.3,18.5,9.7,83.8,134.5,,,,,,87.9,157.8,,187.2,13.7,21.6,236.6,,,8.2,42.1,11.9,,56.7,112.8,13.4,56.6,164.2,,277.2,231,,,18.2,,,119.5,,69.3,,,90.5,,23.6,184.1,22.6,,,,,116.7,,,162.5,,13.2,98.8,69.8,9.2,17.3,15.2,39.7,52.8,9.3,68,106,92.6,156.3,120.6,48.7,33.7,33.1,,198,48.5,239.7,67.1,29.7,,,,,46.4,,,117.7,,19.7,13,20.6,,,126.1,,48.5,177,147.2,,69.5,64,,56.8,316.8,16.2,137.9,,,155.7,,261.1,160.2,37.3,246.6,28.2,,97.5,,317.5,210.6,101.9,10.6,9.9,201.6,,15.2,,100.3,,162,42,122.8,79,,103.2,23.3,,,,25.8,63.1,74.7,,,,34.6,34.4,27.1,200.3,,88.2,145,197.5,14.1,50.8,281.5,103.1,,,,,289.2,,,92.1,,21.6,18,8.2,111.1,,27.7,57.7,,236.9,,,173.2,57.9,129.7,117.7,,,,28.5,,,38.8,89.5,121.4,65.8,176,211.2,26.1,,36.1,14.4,108.9,48.6,42.2,,,66.7,64.2,,,,194.9,89,157.8,101
23,1982,,228.1,230.8,67.9,,,29.2,37.2,69.1,,,12.2,14.8,108.9,203.9,13.3,207.2,228.8,189,22.2,28.5,28.9,,19.4,59.8,,161.1,88,24.7,16.2,179.8,64,180.2,11.2,,9.7,,27.1,57.3,158.6,170.2,205,102,50.7,162.8,85.4,22.9,,19.7,,,17.6,15,13.2,146.2,17.8,9.6,80.8,118.3,,,,,,83.2,148.2,,184.4,12.9,20.9,233.5,,,7.9,40.1,11.5,,57.5,109.2,12.7,54.9,162.7,,272.5,224.6,,199,17.1,,,115,,68.8,,,86.1,,22.2,179.4,21.8,,,,,113.1,,,157.8,,12.4,91.6,67.4,8.7,16.6,14.3,38.6,50.5,8.8,65.8,102.9,88.9,139.1,119.9,46,31.4,30.1,,192.8,46.7,237.4,63.8,28.5,,,,,42.5,,,112.3,,19.2,12.6,20.3,,,119.7,,46.8,179.8,139.8,,65.9,62.6,,55,308.7,15.6,135.2,,,150.5,,260.2,155.4,34.3,242.4,26.3,,95.2,,319.2,208.8,96.1,10.4,9.9,195.3,,14.8,,90.7,,159.6,40.5,119.3,78,,100.9,22.7,,,,24.2,61,70.3,,,,33,32.7,26.6,185.6,,82.3,144.1,191.4,13.2,48.7,278.3,97.2,,,,,286.1,,,93.6,,20.7,17,8,104.9,,25.4,54.7,,234.6,,,169.3,55.2,128.8,113.2,,,,27.7,,,37.7,84.4,115.4,64,175.9,207.3,25.2,,33.2,13.9,101.9,44.4,40.5,,,65.3,59.9,,,,183.1,84.6,159.3,95.9
24,1983,,221.4,228.6,62.7,,,26.8,34.7,66.4,,,11.9,14,106.4,193,12.7,204.1,224.4,184,21.4,27.2,28.6,,18.8,57.1,,156.7,84.1,23.7,15.7,172.8,60.7,179,10.6,,9.4,,24.6,55.7,156.2,163.8,202.3,99,47.7,157.2,83.9,23.1,,19.5,,,16.1,14.6,12.5,142.1,17.3,9.6,77.9,102,,,,,,78.6,138.4,,181.4,12.2,20.1,229.8,,,7.6,38.3,11.1,,58.1,105.6,12.2,53.4,160.9,,268,217.7,,195.2,16.2,,,110.5,,68.1,,,82,,20.8,174.6,21.8,,,,,109.5,,,153.4,,11.7,85.4,65.1,8.2,15.9,13.5,37.5,48.3,8.3,63.6,100.5,85.1,128.3,118.7,43.4,29,27.4,,187.9,44.9,236.2,60.6,27.5,,,,,38.3,,,107.3,,18.8,12.2,19.6,,,113.6,,44.8,181.6,132.9,,62.5,61.1,,52.9,300.4,15,132.6,,,145.3,,258.8,150.4,31.5,241.6,24.6,,92.6,,322.8,208,91,10.2,10,189,,14.5,,81.5,,157.1,39,115.1,76.8,,98.7,21.9,,,,22.9,58.9,66.2,,,,31.4,31.4,26.1,174,,76.7,143.2,185.3,12.4,46.8,275.5,91.3,,193.4,,,282.8,,,95.6,57.5,19.8,16.1,7.8,98.4,,23.5,52,,232.1,,,165.6,52.7,126.9,108.6,,,,26.9,,,36.8,79.7,109.5,62.4,176.1,202,24.3,,31.1,13.4,95.7,40.4,38.9,,,64,55.6,,,,172.2,80.6,161.7,90.6
25,1984,,214.7,226.9,58.2,,,24.7,32.7,63.9,,,11.6,13.3,104.1,183.4,12.2,200.8,220,178.7,20.5,26,28.3,29.4,18.1,54.5,,152.3,80.4,22.8,15.2,165.9,57.7,178.2,10.1,,9.2,,23,54.6,154.4,157.4,199.8,96.1,45,151.8,82,23.2,,19.1,,,14.7,14.4,11.8,138.1,17.1,9.6,75.2,86.9,,,,,,74.1,128.4,,178.2,11.7,19.5,225.8,,,7.5,36.7,10.7,,58.5,102.6,11.7,52.1,158,,263.4,210.8,,191.3,15.4,27.4,,106.1,,67.3,,,78,,19.5,170.1,22.1,,,,,106,,,149.3,,11.1,79.9,63,7.9,15.2,12.7,36.5,46.2,7.9,61.4,98.6,81.5,122.4,117.1,40.9,26.7,25,,183,43,236.1,57.5,26.5,,,,,34.2,,,103,,18.2,11.7,18.6,,,107.7,,42.6,182.3,126.4,,59.6,59.5,,50.9,292.5,14.4,130,,27.2,140,,256.6,145.1,29.3,243.2,23,,89.6,,327.1,208.1,86.4,10,10.1,182.4,,14.1,,73.1,,154.6,37.5,110.3,75.3,41.8,96.8,21.2,,,,21.6,56.8,62.3,,,,29.8,30.8,25.6,165.6,,71.4,142.1,178.8,11.6,45.2,272.8,85.7,15.4,191.3,40.2,,279.7,,,97.9,55.9,19,15.2,7.7,91.9,,21.9,49.5,,229.5,,,162.1,50.2,124,104,,,,26.2,,,35.9,75.2,103.8,61.2,176.2,196.6,23.3,,29.7,13,90.1,36.8,37.5,,,62.7,51.6,,38.2,,162.3,76.9,165,85.5
26,1985,,208,225.5,54,11.7,,22.9,31.1,61.4,,35.5,11.3,12.6,101.8,176.3,11.8,197.5,215.5,173.2,19.6,25,27.8,27.1,17.6,51.9,,147.7,77.1,22,14.7,159.2,55,177.4,9.8,,9,,22.4,53.9,152.9,151.2,197.3,93.6,42.7,146.7,79.4,22.8,,18.4,,,13.5,14.2,11.1,134.2,17,9.7,72.5,74.3,,,,,,69.9,118.6,,174.7,11.2,19,221.8,,,7.3,35.2,10.4,,58.5,100,11.4,51,154,,258.7,203.8,244.5,188.1,14.6,27,,101.8,,66.6,,,74.2,,18.2,165.5,21.8,,,,,102.4,,,145.4,,10.7,75.1,61.1,7.5,14.4,12,35.4,44.2,7.5,59.4,97.4,77.9,119.1,114.8,38.7,24.4,23.1,,178,41.1,237.7,54.6,25.7,,,,,30.3,,,99.2,,17.5,11.2,17.4,,,102.1,9.7,40.5,181.6,120.3,,57,57.9,,49.6,284.9,13.8,127.6,,24.7,134.7,,254.1,139.4,28.4,245.7,21.6,,86.5,,331.2,208.8,82.4,9.8,10.2,175.7,72.4,13.8,,65.5,,152,36.2,105.1,73.3,40.8,94.9,20.3,,,35,20.4,54.8,58.8,,,,28.3,31.5,24.9,159.3,,66.3,140.8,171.4,10.9,43.7,270.2,80.4,14.5,189.8,39,,276.2,,,100.2,54.5,18.2,14.4,7.6,85.7,,20.7,47.1,,226.8,,,158.8,47.8,120,99.7,,218.4,,25.7,,,35.1,71.1,98.4,60.2,175.6,192.3,22.3,,28.7,12.7,85.2,33.6,36.2,,,61.4,47.8,,36.6,,153.7,73.5,169.2,81.2
27,1986,,201.3,224.7,50.4,11,,21.3,29.9,59,,33.4,11,11.9,99.7,171.9,11.4,193.9,211.1,167.5,18.8,24.2,27.3,24.9,17,49.1,,143,74.1,21.2,14.2,152.5,52.7,176.8,9.4,,8.9,,22.2,53.7,152,145.9,195.1,91.4,40.7,141.8,76,21.7,,17.4,,,12.5,13.9,10.6,130.7,17,9.7,69.9,64.8,,,,,,66.1,109.7,,170.9,10.7,18.6,217.8,,,7.3,33.8,10.1,,58.1,97.7,11.1,50,149.1,,254.2,196.6,240,185.4,13.7,26.5,,97.6,,65.6,,,70.6,,17,161.2,20.8,,,,,98.8,,,141.5,,10.4,70.7,59.3,7.2,13.7,11.4,34.4,42.3,7.1,57.5,97.1,74.5,117.2,111.7,36.7,22.2,21.7,,173.3,39.3,241,51.8,24.8,,,,,26.9,,,96,,16.4,10.7,16.3,,,96.9,9.3,38.4,179.4,114.4,,54.6,56.3,,48.7,277.8,13.2,125.3,,22.5,129.1,,251.3,133.7,28.7,247.6,20.3,,83.3,,334.2,209.9,78.9,9.5,10.2,168.9,69.6,13.4,,58.8,,149.3,34.9,99.7,70.9,39.9,93.3,19.6,,,34.6,19.3,52.8,55.5,,,,26.8,33.2,24.2,154.6,,61.4,139.3,163.3,10.4,42.4,268,75.4,13.7,188.3,37.9,,272.1,,,102.3,53.2,17.4,13.5,7.5,80.3,,19.6,44.9,,224.1,,,155.8,45.5,115.4,95.6,,208.5,,25.1,,,34.5,67.4,93,59.3,174.3,189.2,21.4,,27.6,12.4,81,30.9,34.9,,,59.9,44.6,,35.1,,146.5,70.3,173.6,77.9
28,1987,,194.6,224.1,47.2,10.3,,19.9,29.3,56.6,,31.5,10.6,11.2,98,170,11,190.3,206.9,161.6,18.2,23.7,26.6,23,16.4,46.4,,138.2,71.3,20.4,13.9,146,51,176.3,9.1,,8.8,,21.9,53.8,151.4,141.8,192.9,90,39,137.3,72.2,20.1,,16.4,,,11.9,13.4,10,127.3,17,9.7,67.4,58.4,,,,,,62.8,102.1,,166.7,10.3,18.3,214,,,7.2,32.6,9.8,,57.5,96,10.8,49.3,143.4,,249.7,189.6,236,183.1,12.8,25.9,,93.4,,64.6,,,67.2,,15.8,157,19.5,,,,,95.2,,,137.6,,10.2,66.6,57.7,7,13.1,10.8,33.4,40.6,6.8,55.7,97.6,71.5,116.4,108.1,35,20.2,20.6,,168.6,37.4,245.6,49.1,24.1,,,,,24.2,,,93.3,,15.1,10.2,15.6,,,92,8.9,36.4,175.7,108.9,,52.2,54.5,,47.2,271.1,12.7,123.1,,20.6,123.5,,248.3,128.5,28.7,247.9,19.2,,80.2,,335.3,210.8,75.8,9.3,10.1,161.9,66.9,12.9,,52.9,,146.7,33.7,94.4,67.9,38.9,91.8,18.9,,,35.1,18.2,50.9,52.4,,,,25.3,34.8,23.4,151.1,,56.8,137.6,155.4,9.8,41.3,266,70.9,12.9,187,36.4,,267.6,,,104.3,51.9,16.7,12.7,7.4,75.6,,18.8,42.8,,221.2,,,153.1,43.3,110.4,92,,199,,24.5,,,33.9,64.2,87.9,58.7,172.3,187.2,20.7,,26.4,12.1,77.6,28.7,33.6,,,58.2,41.8,,33.8,,140.3,67.4,177.5,75.8
29,1988,,188,223.8,44.5,9.7,,18.7,29.1,81.9,,29.6,10.2,10.5,96.6,170.4,10.7,186.4,203.4,155.7,17.9,23.4,25.6,21.3,15.9,43.7,,133.3,68.6,19.6,13.6,139.6,50.1,175.9,8.8,,8.6,,21.3,53.9,151.4,139.2,190.6,89.1,37.6,133,68.4,18.6,,15.2,,,11.5,12.9,9.5,124.1,17.1,9.6,64.9,54,,,,,,59.7,95.6,,161.9,9.9,18,210.2,,,7.1,31.4,9.6,,56.6,94.5,10.4,48.7,137.4,,244.9,182.9,232,181.5,11.9,25.2,,89.2,,63.3,,,64,,14.7,152.9,18.5,,,,,91.5,,,133.6,,9.9,62.8,56.3,6.7,12.5,10.4,32.5,39,6.6,54.3,99,69,116,104.1,33.6,18.4,19.7,,163.9,35.7,251.1,46.5,23.4,,,,,22.5,,,91.3,,14.2,9.7,15.4,,,87.5,8.5,34.8,170.8,103.6,,50,52.7,,43.8,265.1,12.2,120.8,,18.9,118,,245.5,124.2,27.4,245.6,18.3,,77.4,,334.3,211.6,72.8,9,9.8,154.8,64.4,12.4,,47.8,,144.1,32.6,89.5,64.5,38,90.4,18.3,,,36.7,17,49,49.5,,,,23.7,34.6,22.6,148.9,,52.5,135.7,148.5,9.1,40.3,264.4,66.8,12.1,185.5,33.9,,263,,,106.1,50.5,16,11.9,7.3,72,,18,40.9,,218.4,,,150.6,41.1,106.3,88.7,,190.1,,23.8,,,33.5,61.3,83.1,58.2,169.9,185.8,20,,25.1,11.9,74.9,26.8,32.2,,,56.2,39.4,,32.5,,134.8,64.9,180.9,75
30,1989,,181.4,223.5,42.2,9.1,,17.6,29,51.9,,27.9,9.7,10,95.6,172.2,10.3,182.2,201.1,149.7,18,23.2,24.6,19.7,15.5,41,,128.5,65.8,18.7,13.5,133.6,50.2,175.8,8.6,,8.4,,20.4,54,151.5,138.2,188.5,89.2,36.3,128.9,65.1,17.6,,14.2,,,11.3,12.5,9,121.2,17.1,9.3,62.5,51.3,,,,,,56.9,90.3,,156.6,9.5,17.9,206.3,,,6.9,30.2,9.3,,55.8,93.4,9.9,48.2,131.7,,239.9,176.4,228,180,11.1,24.4,,85.3,,61.9,,,61,,13.7,148.9,17.8,,,,,87.8,,,129.7,,9.6,59.3,55,6.5,12.1,10,31.5,37.6,6.5,53.2,101.1,67,116,99.8,32.5,16.8,18.6,,159,34,256.3,44,22.8,,,,,21.6,,,89.7,,14.3,9.2,15.8,,,83.3,8.1,33.7,165.4,98.5,,47.7,50.8,,39.8,259.3,11.7,118.3,,17.6,112.7,,242.5,120.7,25,240.9,17.4,,74.9,,331.3,212,69.9,8.7,9.3,147.5,61.8,11.8,,43.2,,141.6,31.6,85,61,37,89,17.8,,,39.4,15.9,47.2,46.9,,,,22.3,33,22,148.6,,48.3,133.6,143,8.4,39.3,263,63.1,11.4,183.1,30.9,,258.4,,,107.5,49.1,15.3,11.1,7.2,69.7,,17.3,39,,215.6,,,148.3,38.9,104.3,86.2,,181.5,,23,,,33,58.6,78.4,57.6,167.5,184.1,19.6,,23.9,11.6,73.1,25.4,30.9,,,53.9,37.3,,31.4,,130.1,62.7,183.4,75.6
31,1990,,175.1,223.5,40.1,8.5,81.14188262,16.6,28.8,49.6,,26.3,9.2,9.5,95.3,174.6,10,177.8,199.8,143.8,18.4,23,23.5,18.2,15.2,38.5,,123.8,63.1,17.9,13.4,127.9,51.3,175.8,8.3,19.37802503,8.2,,19.1,53.8,151.9,138.6,186.3,90,35.1,124.8,62.7,16.8,35.79201355,13.2,,,11.1,12.2,8.5,118.6,17.1,8.9,60.1,49.6,59.70201729,108.9861543,56.8,46.97373509,30.9,54.2,85.7,9.598861292,150.8,9.2,17.7,202,11.85210504,149.5070646,6.7,29.1,9,,55.1,92.4,9.3,47.7,126.5,,234.6,170.1,223.9,178.7,10.4,23.4,,81.4,,60.5,13.4,,58.2,181.732129,12.8,144.8,17.3,78.03663007,101.7146894,162.4060099,154.2633086,84,166.4596116,,126,,9.2,56.1,53.9,6.3,11.6,9.7,30.6,36.4,6.3,52.5,103.7,65.8,115.9,95.7,31.6,15.5,17.6,57.92411872,154.2,32.4,260.5,41.8,22.3,54.8,175.298392,179.5,,21.3,121.6,102.474445,88.8,50.3426753,15.2,8.7,16.9,,,79.5,7.8,33.2,160,93.8,65.4,45.4,48.9,91.34021617,36.7,254,11.3,115.7,68.73236715,16.6,107.8,,239.5,117.9,23,234.7,16.6,11,72.7,,326.5,211.9,66.9,8.4,8.7,140.4,59.6,11.2,21.32481246,39.2,97.53361795,139,30.7,80.7,57.6,36.1,87.6,17.3,185.5816283,,43.3,14.7,45.5,44.6,36.53291068,10.76163172,,20.8,31.1,21.7,151.2,129.4,44.4,131.5,139.3,7.7,38.3,261.7,59.7,10.8,179.9,28.2,180.2206092,253.6,180.5,81.52178014,108.6,47.8,14.7,10.4,7,68.6,,16.7,37.3,,212.8,59.88454179,44.52002514,146.1,36.9,104.9,84.4,55.48038832,173.5,69.04082444,22.1,129.417889,180.2085264,32.7,56.3,74,56.9,165.5,181.2,19.4,52.1,23,11.2,72.1,24.3,29.6,,,51.5,35.6,93.2,30.5,,126,60.9,185,77.5
32,1991,,168.9,223.6,38.4,8,78.73941376,15.8,28.3,47.3,,24.7,8.7,9,95.5,176.9,9.6,173,199.4,137.7,18.8,22.7,22.5,16.8,15.2,36.2,,119.2,60.2,17.1,13.3,122.2,53.7,175.8,8,18.79192603,7.9,,17.8,53.2,152.4,140.3,184.2,91.5,34.1,120.9,61.3,16.2,34.88344828,12.4,,,10.8,11.7,8,116.4,17.1,8.4,57.8,48.3,58.55811236,105.8561903,55.6,46.63913777,30.2,51.6,81.5,9.177905468,144.5,8.8,17.6,197.4,11.28373109,147.4709848,6.4,28.1,8.6,,54.7,91.4,8.7,47.1,122.1,,228.7,164.1,219.7,177.2,9.9,22.3,,77.6,,59,12.8,,55.5,178.9657285,12.1,140.7,16.6,76.40807303,100.4860009,160.1413954,153.8210192,80.2,163.2773424,,122.5,,8.6,53.3,52.9,6.1,11.1,9.3,29.7,35.2,6.2,52.4,106.5,65.1,115.9,91.9,30.8,14.2,19.4,55.40880238,149.3,30.9,262.3,39.7,21.9,52.5,171.968618,176.6,,21.3,118.9,101.2508152,88.6,49.399528,16.5,8.2,18.3,,,75.9,7.4,33.5,155,89.2,62.7,43.3,47,89.94741875,35,249.5,11,113,66.05977466,15.9,103.2,,236.1,116.1,21.7,227.2,15.8,10.6,71,,319.9,211.4,63.8,8.1,7.9,133.4,57.2,10.6,20.33590012,35.5,96.29444121,136.5,30,76.4,54.4,35.1,86.3,16.9,183.7947403,,48.5,13.6,43.8,42.5,35.45051287,10.35418574,,19.5,29.7,21.6,156.9,125.8,41,129.4,137.5,6.9,37.3,260.8,56.5,10.1,176.8,26.1,178.6636255,248.5,178.9,80.53910235,109.3,46.5,14.1,9.7,6.6,69.2,,16.1,35.6,,210,58.67584243,44.16386963,144,34.9,107.6,83.7,53.10223666,165.9,66.37762065,21.3,125.7349505,178.6520039,32.5,54.1,69.8,56.1,163.8,177.6,19.4,50.9,22.3,10.9,71.7,23.5,28.6,,,49.1,34.2,92,29.5,,122.4,59.7,185.9,80.7
33,1992,,162.9,223.7,36.8,7.5,76.47976108,15,27.6,45,,23.3,8.2,8.5,95.9,178.7,9.2,168.3,199.3,131.7,19,22.1,21.5,18,15.3,34.1,,114.7,57.2,16.4,13.3,116.8,57.2,175.9,7.7,18.24239972,7.5,,16.4,52.3,153,142.7,182.2,93.6,33,117.1,60.5,15.7,33.9299282,11.7,,,10.5,11,7.6,114.6,17.1,7.9,55.5,47.2,57.26015069,102.8954158,54.2,46.54670041,29.7,48.9,77.4,8.750476294,137.5,8.4,17.4,192.1,10.7365532,145.513759,6.1,27.1,8.1,,54.6,90.7,8.2,46.6,118.7,,222.5,158.1,215.2,175.9,9.5,21.2,,74,,57.4,12.2,,53.1,176.1767414,11.4,136.7,15.7,74.81664055,99.34244764,157.9302658,153.4788452,76.5,160.1294131,,119.2,,8.1,50.7,51.9,5.9,10.5,8.9,28.7,34.2,6.1,52.6,109.2,64.5,116.3,88.7,30.3,13.1,16,52.86131394,144.6,29.5,261.4,37.7,21.4,50.1,168.6326723,173.8,,21.3,116.4,100.1193837,89.3,48.24624418,17.8,7.7,19.4,,,72.5,7.1,34.5,150.3,84.6,60.2,41.1,45.2,88.63679057,33.4,246,10.6,110.3,63.55196432,15.5,99,,232.3,114.8,21.2,219.5,15.1,10.3,69.9,,311.6,210.8,60.7,7.7,7.2,126.5,54.9,10,19.34574706,32.2,95.47816006,134,29.3,72,51.5,34.1,85,16.5,181.9540845,,54.7,12.5,42.3,40.7,34.43037853,9.938723225,,18.2,28.7,21.7,165.2,122.2,37.9,127.1,137,6.3,36.3,259.8,53.4,9.5,174.3,24.5,177.0949198,243,177.3,79.84197335,109.4,45.1,13.5,9.1,6.2,71.6,,15.6,34,,207.3,57.29179599,44.02729379,142.1,33.1,111.8,83.6,50.685711,158.8,63.87699335,20.6,122.2153001,177.0837754,32.4,51.9,65.8,55,162.2,173.8,19.5,49.6,21.8,10.5,71.6,22.9,27.8,,,46.5,32.9,90.8,28.6,,119.3,59.3,186.2,84.8
34,1993,,157.4,223.8,35.4,7.1,74.41840432,14.3,26.5,42.8,,22,7.7,7.9,96.1,179.5,8.7,163.8,199.2,125.8,19.2,21,20.6,17.5,15.5,32.2,,110.2,54.1,15.7,13.1,111.4,61,176.1,7.4,17.66296318,7.1,,15.1,50.9,153.6,145.4,180.3,96.3,31.9,113.5,60,15.3,33.07117338,11.2,,,10,10.2,7.2,113,17,7.4,53.2,46.1,55.68069781,100.0338159,52.6,46.40107865,29.2,46.2,73.3,8.253453344,130.5,7.9,17,186.3,10.14925175,143.6462576,5.8,26.2,7.5,,54.6,89.9,7.7,45.9,116,,215.9,152.6,210.8,174.7,9.1,20.2,,70.6,,55.8,11.6,,50.8,173.5220292,10.9,132.5,14.5,73.10819876,98.13795135,155.765544,153.0055319,72.9,157.1226437,,115.9,,7.7,48.4,51,5.7,9.8,8.4,27.9,33.2,6,52.9,111.4,63.6,117.2,85.9,29.7,12.1,15.4,50.34377768,140,28.2,257.7,36,20.9,47.7,165.4402826,171.2,,21.1,114,98.93013532,91,46.76874219,18.2,7.2,20,,,69.2,6.8,35.9,146,79.9,57.8,39.1,43.5,87.23563927,30.9,243.4,10.2,107.6,61.16870278,15.3,95,,227.7,114.2,21.2,212.3,14.4,9.9,69.4,,301.6,209.9,57.6,7.4,6.6,120,52.8,9.5,18.39809705,29.2,94.98867374,131.4,28.8,67.5,49,33.2,83.8,16,180.0413186,,61.2,11.4,40.8,39,33.48804219,9.505125749,,17.1,28,21.9,182.8,118.7,35.2,124.8,137.6,5.8,35.3,258.5,50.4,9,173.4,23.1,175.5582797,237.3,175.8,79.39709949,108.9,43.8,13,8.5,5.7,76,,15.1,32.5,,204.9,55.60880148,43.84098102,140.1,31.3,115.7,84,48.27862208,151.8,61.5000467,19.9,118.7087182,175.5476169,32.3,49.6,62,53.8,160.7,170.3,19.8,48,21.4,10.1,71.2,22.5,27.2,,,44,31.9,89.6,27.6,,116.6,59.7,185.7,89.3
35,1994,,152.4,223.5,33.9,6.7,72.37358262,13.7,25.5,40.6,,20.7,7.3,7.4,95.7,179.1,8.2,159.8,198.2,119.8,19.3,19.7,19.7,14.7,15.7,30.6,,105.8,51,15.3,12.9,106.3,65.4,176.5,7.2,17.00035362,6.7,,14,49.3,154.1,148.1,178.5,99.6,30.8,110.4,59.2,14.9,32.20148361,10.9,,,9.6,9.4,6.8,111.7,16.8,6.9,51.1,44.9,54.03068922,97.60611648,50.9,45.97992108,28.4,43.5,69,7.779015928,123.4,7.4,16.5,179.9,9.604244555,141.7429822,5.5,25.5,7,,54.9,89.1,7.4,45,114,,209.1,147.2,206.2,173.3,8.8,19.2,,67.3,,54.3,11,,48.6,172.0381473,10.4,128.3,13.4,71.36726541,97.0554807,154.1219859,152.4486272,69.5,154.9408058,,112.7,,7.4,46.3,50.1,5.5,9.2,8,27,32.3,5.9,53,113.1,62.4,118.6,83.6,29.2,11.2,15,47.87882373,135.5,27,251.5,34.5,20.4,45.4,163.1340855,169.9,,20.6,111.6,97.86275826,93.6,45.1532367,17,6.8,20,,,66,6.5,37.3,141.7,75.1,55.4,37.2,42.2,85.79057858,27.8,241.4,9.8,104.9,58.79909785,15.2,90.9,,222.1,113.9,21.6,206.2,13.8,9.6,69.5,,289.9,208.8,54.6,7.1,6.1,113.7,50.8,9.1,17.52704372,26.6,94.78642245,128.8,28.4,63,46.9,32.3,82.7,15.3,177.9569564,,67.6,10.5,39.5,37.4,32.70425995,9.122639657,,16.1,27.5,22.1,282.8,115.3,32.6,122.3,138.7,5.3,34.3,256.8,47.4,8.5,173.3,21.6,174.8010864,230.9,175.1,79.16713061,107.4,42.4,12.5,8,5.2,82.4,,14.7,31,,202.5,53.84548756,43.39699754,137.8,29.7,117.2,84.8,45.9327757,144.9,59.13354843,19.4,115.2754106,174.7908537,32.3,47.1,58.3,52.4,158.9,167.2,20.1,46.3,21,9.8,70.7,22.4,26.8,,,41.5,31.1,88.6,26.7,,114.2,61,184,93.8
36,1995,,147.8,222.7,32.4,6.3,70.39686257,13.2,24.4,38.6,,19.5,7,6.8,94.3,177.6,7.6,156.5,196.5,114,19.3,18.1,18.8,14.1,15.7,29.1,,101.4,47.9,14.9,12.7,101.1,70.1,177.1,6.9,16.27836634,6.4,,13.1,47.4,154.4,150.5,176.5,103.3,29.7,107.8,57.4,14.7,31.35460299,10.7,,,9,8.5,6.5,110.5,16.6,6.5,49,43.7,52.20987216,94.53003177,49.1,45.14392333,27.6,40.8,64.7,7.30452313,116.5,6.9,15.7,173.2,9.076618103,139.7429849,5.2,24.9,6.5,,55.1,88.4,7.2,44,112.2,,202,142,201.3,171.8,8.5,18.4,,64.3,,52.9,10.5,,46.6,168.0848898,10,124.1,12.5,69.46709239,95.41488234,151.1789692,151.5146229,66.2,151.0155255,,109.4,,7.3,44.3,49.2,5.3,8.7,7.5,26.1,31.5,5.7,52.8,113.9,60.6,119.8,81.4,28.5,10.4,14.6,45.42356388,131.3,25.8,243.2,33.1,19.9,43.1,158.9805623,165.7,,20,109.1,96.22765488,97.1,43.32664966,15,6.4,19.7,,,62.9,6.2,38.4,136.9,70.2,53.1,35.3,41.3,84.15838243,24.6,239.6,9.5,102.3,56.47214502,15.1,86.8,,215.5,114,22.2,201.2,13.3,9.2,70.2,,277.4,206.9,51.7,6.9,5.7,107.7,48.9,8.7,16.67465032,24.3,94.77051875,126.2,28.1,58.4,45,31.3,81.7,14.4,175.5305784,,72.7,9.7,38.3,36,31.99360333,8.752220765,,15.3,27.1,22,242.1,111.8,30.4,119.8,139.9,5,33.4,254.4,44.6,8,173.3,19.6,172.0488836,224.1,172.3,79.08248153,105.1,41,12,7.5,4.8,90.3,,14.4,29.6,,200.4,51.91956864,42.57295415,135.4,28.2,115.4,85.4,43.59576073,138.3,56.8044898,19,111.7986274,172.039185,32.4,44.5,54.8,50.8,156.6,164.6,20.4,44.6,20.6,9.5,70,22.4,26.3,,,39.1,30.4,87.1,25.8,,111.9,63.2,181.8,98
37,1996,,143.5,221.3,30.9,6,68.47007124,12.7,23.4,36.7,,18.4,6.8,6.4,92.1,175.1,7.1,154,194,108.3,19.3,16.6,17.9,12.2,15.5,27.8,,97,44.9,14.7,12.4,96.2,74.6,177.3,6.7,15.53230037,6.1,,12.5,45.5,154.2,152.3,174.4,107,28.7,105.6,54.2,14.8,30.55872268,10.4,,,8.5,7.7,6.2,109,16.3,6.2,47.1,42.5,50.39041162,91.34560918,47.4,43.85411372,26.5,38.1,60.6,6.871522794,110,6.4,14.9,166.6,8.577625288,137.5426644,4.9,24.4,6.1,,55.4,87.5,7,42.7,110.3,,195,136.9,196.4,169.8,8.1,17.8,,61.4,,51.6,10,,44.6,163.7510761,9.6,119.9,11.9,67.47598518,93.53591743,147.9127623,150.1735545,63,146.8174261,,106,,7.3,42.3,48.4,5,8.2,7,25.3,30.7,5.5,51.8,114,58.5,120.4,79.4,27.6,9.6,14.2,43.04079995,127.2,24.6,233.6,31.9,19.4,40.9,154.5547802,161.1,,19.3,106.6,94.34187112,101.1,41.48302846,13.3,6,19.1,,,59.9,6,38.7,131.6,65.1,50.8,33.5,40.8,82.36650184,21.8,237.7,9.1,99.7,54.21380325,15.1,82.6,,207.6,114,22.7,197.6,12.9,9,71.3,,264.7,204.3,48.9,6.7,5.4,102,47.2,8.4,15.85625518,22.4,94.75769404,123.5,27.8,54,43.4,30.4,80.8,13.3,172.7536475,,75.5,9.1,37.3,34.6,31.38188632,8.384058388,,14.6,26.6,21.7,184.7,108.2,28.4,117.1,140.7,4.8,32.6,251.4,41.9,7.5,173.3,17.4,168.8209074,217.1,169,79.01653095,102.1,39.6,11.5,7,4.5,98.8,,14.1,28.2,,198.2,50.02531763,41.33397568,132.8,26.8,111.5,85.7,41.33798375,132,54.54195064,18.7,108.25285,168.8117184,32.4,41.9,51.4,49,153.5,162.1,20.4,42.8,20,9.2,69.1,22.4,25.5,,,36.9,29.9,85.4,24.9,,109.6,66.1,179.6,101
38,1997,,139.6,218.9,29.3,5.7,66.58596151,12.3,22.4,34.9,,17.4,6.6,6,88.9,171.6,6.7,151.8,190.9,102.8,19.2,15.2,17.2,11.5,15.1,26.6,,92.6,42.1,14.7,12.2,91.3,78.8,177.3,6.5,14.72982844,6,,12.2,43.5,153.3,153.4,171.8,110.6,27.7,103.9,50,14.8,29.8044448,9.8,,,8,7,5.9,107.4,16.1,6,45.3,41.6,48.51884707,88.48876464,45.6,42.25696235,25.4,35.5,56.7,6.523311755,104,6.1,13.9,160.3,8.140696373,135.0387807,4.7,23.9,5.8,,55.5,86.6,6.9,41.2,108.1,,187.8,132.1,191.4,167.2,7.7,17.2,,58.8,,50.3,9.6,,42.7,160.4305826,9.3,115.7,11.5,65.38172438,91.62427183,144.9759678,148.2979657,60.1,143.3748132,,102.5,,7.3,40.3,47.5,4.8,7.8,6.6,24.5,30,5.2,50.1,113.1,56.2,119.8,77.5,26.5,9,13.8,40.75745847,123.3,23.4,222.8,30.8,19,38.8,150.9397846,157.6,,18.6,103.9,92.41271809,105.3,39.56879585,12.3,5.6,18,,,57.2,5.8,38,125.8,59.8,48.7,31.8,40.6,80.39135872,19.6,235.1,8.7,97.2,52.02093176,15,78.2,,198.6,114.2,22.6,193.8,12.4,8.7,72.7,,253.3,200.7,46.1,6.6,5.2,96.6,45.5,8.1,15.07807247,20.6,94.6484352,120.8,27.4,49.7,42,29.4,80,12,169.4503772,,75.6,8.6,36.3,33.3,31.33082839,8.0519115,,14,25.9,21.3,207.4,104.6,26.5,114.3,140.7,4.6,32,247.5,39.4,7.1,173.3,15.4,166.024945,209.5,166.2,78.92852945,98.3,38.3,11,6.6,4.3,107,,13.8,26.9,,195.7,48.11882959,39.81082771,130,25.5,106.5,85.5,39.17816708,125.9,52.34133204,18.4,104.66211,166.0161596,32.5,39.1,48.1,47.1,149.4,159.4,20.3,41,19.2,8.9,68,22.5,24.5,,,34.8,34.1,83.7,24.1,,106.9,69.2,177.6,102.7
39,1998,,135.8,215.6,27.7,5.4,64.70845153,11.9,21.5,33.2,,16.5,6.4,5.8,84.6,167.1,6.4,149.3,187.5,97.5,18.9,14,16.6,10.9,14.5,25.5,,88.2,39.5,14.8,12,86.6,82.5,176.9,6.4,13.8451488,5.8,,11.9,41.4,151.8,153.5,168.6,113.4,26.7,102.6,45,14.5,29.07725711,9.1,,,7.5,6.3,5.7,105.6,15.8,5.8,43.7,40.8,46.53543131,85.61735112,43.7,40.38777195,24.2,33.1,53.1,6.238030144,98.4,5.8,12.9,154.3,7.732905775,132.1839706,4.6,23.6,5.6,,55.2,85.6,6.8,39.5,105.5,,180.5,127.5,186.2,164.1,7.3,16.7,,56.3,,49.1,9.2,,59.2,156.9166847,8.9,111.6,11.1,63.17037565,89.48747635,141.7828581,145.8999247,57.2,139.808589,,98.9,,7.3,38.2,46.6,4.6,7.5,6.2,23.7,29.2,5,47.9,111.1,54,118.1,75.4,25.3,8.4,13.4,38.99711842,119.6,22.3,211,29.8,18.6,37.1,147.0050775,153.6,,17.9,101,90.24571021,109.6,37.58182314,11.7,5.3,16.7,,,54.5,5.5,36.6,119.6,54.5,46.6,30,40.6,78.26532677,18,231.6,8.3,94.6,49.85092579,14.9,73.5,,189.1,114.1,21.7,188.8,11.7,8.6,74,,242.8,196.4,49.4,6.4,5.1,91.4,44,7.8,14.33807595,19.1,94.34074674,118,27.1,45.7,40.8,28.5,79.1,10.8,165.5862269,,72.7,8.2,35.5,32.2,30.3231723,7.773804758,,13.5,24.6,20.8,225.1,101,24.9,111.3,139.4,4.4,31.4,243.1,37,6.7,173.3,14,162.6700379,201,162.8,78.63527713,94.2,37,10.6,6.2,4.2,114.5,,13.7,25.7,,192.8,46.14619537,38.04980595,127,24.2,100.7,84.5,37.50162213,119.9,50.15785634,18.1,101.006535,162.661626,32.6,36.5,45,45.3,144.1,156,19.9,39.2,18.4,8.7,66.4,22.5,23.5,,,32.9,29.2,81.8,23.3,,103.6,72.5,175.2,103.2
40,1999,,132.3,211.4,26.1,5.2,62.81789526,11.6,20.6,31.6,,15.6,6.3,5.6,79.8,162.1,6.1,146.6,184.1,92.4,18.3,13.1,16.2,10.3,13.7,24.6,,83.9,37,14.9,11.8,82.1,85.1,176.3,6.3,13.03119516,5.7,,11.5,39.2,149.5,152.4,165.2,114.8,25.8,101.7,39.9,13.8,28.41594891,8.5,,,7.1,5.8,5.5,103.7,15.6,5.6,42.3,40.2,44.48675624,82.40774247,41.8,38.3430453,22.9,31,49.8,6.009639019,93.1,5.6,12,148.4,7.384329813,129.1117502,4.4,23.2,5.5,,54.5,84.4,6.7,37.5,102.5,,173,122.9,181.1,160.5,6.9,16.2,,54,,47.9,8.9,,39.2,151.772521,8.6,107.7,10.7,60.9360684,86.9504356,137.6375799,143.0440584,54.6,135.0568449,,95.3,,7.3,36.2,45.7,4.4,7.2,5.9,23,28.5,4.7,45.5,108.2,51.7,114,73.2,23.9,7.9,13,36.7507506,116,21.1,198.7,28.9,18.3,35,142.1896665,148.4,,17.1,98,87.66736475,113.5,35.54085586,11.2,5,15.4,,,52.1,5.3,34.3,113.2,49.1,44.6,28.3,40.6,75.92140696,16.9,226.4,8,92.2,47.75282764,14.6,68.7,,179.7,113.9,20.2,181.8,11,8.4,75.3,,233.2,191.5,41,6.3,5,86.4,42.6,7.6,13.64982817,17.7,93.74794166,115.2,26.6,42,39.7,27.6,78.5,9.9,161.2082104,,67.2,7.7,34.7,31.1,29.74572209,7.543243918,,13,23.1,20.2,190.2,97.4,23.3,108.1,136.6,4.1,30.8,238.1,34.8,6.3,173.3,13.2,158.235748,192.1,158.3,78.1765028,89.7,35.7,10.2,5.9,4.1,120.9,,13.6,24.5,,189.8,44.14931174,36.1495772,123.9,23,94.3,82.8,35.37160198,114,48.0451242,17.8,97.37710884,158.2276967,32.7,34,42,43.5,137.7,151.6,19.3,37.5,17.6,8.6,64.5,22.5,27.6,,,31.2,28.9,79.5,22.5,,99.6,75.6,171.3,102.6
41,2000,,128.8,206.3,24.5,5,60.95992949,11.2,19.8,30,,14.9,6.2,5.5,74.7,156.7,5.9,143.2,180.4,87.4,17.6,12.5,16,9.9,12.8,23.7,,79.6,34.7,15.2,11.8,77.7,87,175.2,6.2,12.36721232,5.6,,10.9,36.8,146.8,150.3,161.3,114.3,25,101.1,35.5,12.9,27.76723861,8.1,,,6.6,5.5,5.4,101.5,15.4,5.5,41,39.7,42.27074344,79.30088044,39.7,36.21771634,21.7,29.1,46.8,5.809854928,88.4,5.4,11,142.6,7.083357689,125.8006663,4.3,22.9,5.4,,53.5,83.1,6.5,35.4,99.2,,165.4,118.4,175.8,156.4,6.4,15.7,,51.9,,46.7,8.6,,37.4,146.8017621,8.3,104,10.1,58.54239488,84.23878733,133.4722088,139.8723434,52.1,130.4273536,,91.7,,7.2,34.2,44.9,4.1,6.9,5.6,22.3,27.8,4.5,43,104.5,49.5,107,71.2,22.5,7.5,12.7,34.56764693,112.6,20,186.1,28.1,18.1,33,137.3159764,143.2,,16.5,94.8,84.90910671,116.9,33.40879273,10.7,4.8,14.3,,,49.8,5.2,31.5,107.1,43.8,42.6,26.8,40.7,73.40738445,16,219.5,7.7,89.8,45.72550829,14.1,63.9,,170.4,113.8,18.5,171.9,10.2,8.3,76.2,,223.7,186.2,38.7,6.2,4.9,81.5,41.3,7.4,12.98671207,16.5,92.85544001,112.6,26.1,38.7,38.7,26.7,77.7,9.3,156.2876041,,59.9,7.2,33.9,30.2,29.23090297,7.301176541,,12.5,21.9,19.4,181.4,93.8,22,104.8,131.7,3.9,30.3,233.1,32.9,5.9,173.3,12.6,153.5814869,182.9,153.7,77.50598541,85,34.5,9.8,5.5,4.1,126.1,,13.6,23.4,,186.5,42.01122661,34.18872695,120.6,21.8,87.6,80.7,33.29690254,108.3,45.99896997,17.5,93.78506715,153.5737531,32.7,31.7,39.2,41.9,130.4,146,18.5,35.6,17,8.4,62.3,22.5,21.7,,,29.7,28.6,77.1,21.8,,95.2,78.4,165.1,101.8
42,2001,,125.3,200.3,22.9,4.8,59.08320011,10.9,19,28.5,,14.2,6.1,5.4,69.5,151,5.7,139.5,176.5,82.8,16.8,12,15.9,9.5,11.8,22.9,,75.5,32.5,15.4,11.8,73.5,86.5,173.7,6.2,11.80942687,5.5,,10.3,34.2,143.5,147.2,157,111.9,24.3,100.7,31.9,12.2,27.22516009,7.8,,,6.2,5.2,5.2,99.3,15.3,5.4,39.9,38.9,39.91751317,76.22086123,37.6,34.07857813,20.4,27.5,44.1,5.583079713,84,5.3,10.1,136.6,6.806166177,122.3281583,4.2,22.7,5.2,,52.4,81.6,6.4,33.1,95.9,,157.8,114,170.2,152.4,6,15.3,,49.8,,45.5,8.3,,35.7,141.3683007,8,100.6,9.5,56.09927701,81.33404998,128.9865945,136.3215023,49.7,125.5017499,,88.1,,6.9,32.4,44,3.9,6.6,5.3,21.8,27.1,4.3,40.6,100,47.3,97.4,69.4,21.1,7.1,12.5,32.76627534,109.1,18.8,173.4,27.3,18,31.3,132.1251434,137.6,,16,91.6,81.95800721,119.6,31.19982165,10.3,4.5,13.4,,,47.6,5,28.5,101.3,38.6,40.8,25.3,40.7,70.7745806,15.2,211.2,7.5,87.4,43.75566656,13.6,59,,161.8,113.6,17.1,159.6,9.5,8.2,76.6,,213.8,180.6,36.5,6.1,4.7,77,40.3,7.2,12.35415484,15.4,91.51010236,110,25.6,35.7,37.8,25.9,77.1,8.8,150.9075101,,52,6.7,33.1,29.3,28.80337735,7.098553642,,12,21.1,18.4,168.5,90.2,20.7,101.5,125.1,3.6,29.9,227.7,31.1,5.6,173.3,12.1,148.4281349,173.4,148.5,76.52096247,80.1,33.3,9.4,5.3,4.1,129.6,,13.7,22.4,,183.3,39.74248161,32.20892652,117.3,20.8,80.9,78.4,31.56963868,102.7,44.00995442,17.2,90.24651148,148.4207137,32.8,29.7,36.6,40.5,122.6,139.5,17.6,33.7,16.6,8.3,59.8,22.4,21,,,28.4,28.4,74.5,21.2,,90.6,80.9,155.9,100.8
43,2002,,121.7,193.4,21.4,4.7,57.24342332,10.6,18.3,27.1,,13.6,6,5.3,64.5,145.1,5.5,135.5,172.2,78.4,15.9,11.6,15.8,9.3,10.9,22.2,,71.6,30.5,15.6,11.7,69.4,84.5,172,6.1,11.34328237,5.4,,9.8,31.5,140,143.6,152.6,107.7,23.6,100.6,29.3,11.7,26.71067527,7.7,,,5.8,5,5.1,96.8,15.2,5.3,39,37.8,37.50799365,73.19930478,35.4,31.97864076,19.3,26.1,41.8,5.409707505,79.8,5.2,9.3,130.4,6.586797985,118.8148582,4.1,22.5,5.1,,51.1,80,6.3,30.9,92.8,,150.4,109.7,164.3,148,5.6,14.9,,47.9,,44.5,8.1,,34.1,135.6476046,7.7,97.6,8.9,53.64381917,78.32284079,124.3199703,132.5706775,47.4,120.3962031,,84.6,,6.5,30.6,43.3,3.7,6.4,5.1,21.3,26.4,4.1,38.2,95.1,45.2,87.3,67.9,19.8,6.7,12.3,31.13258753,105.7,17.6,161,26.4,18,29.7,126.7277944,131.9,,15.6,88.3,78.90456271,121.7,28.98515935,9.9,4.2,12.6,,,45.5,4.8,25.6,95.8,33.8,39,23.9,40.6,68.09008927,14.6,201.8,7.3,85,41.86616001,12.9,54.3,,154,113.2,16.1,146.4,8.9,8.1,76.5,,203.1,174.9,34.5,5.9,4.5,72.7,39.5,7,11.75142606,14.5,89.7976094,107.5,24.9,33.1,36.9,25,76.4,8.4,145.2582237,,44.6,6.1,32.4,28.5,28.37952479,6.921872242,,11.6,20.6,17.3,153.9,86.8,19.6,98.1,117.3,3.4,29.5,222,29.4,5.2,173.3,11.5,142.9743836,164.4,143,75.26217629,75.3,32.2,9.1,5,4,131.6,,13.7,21.4,,180,37.40739468,30.25791988,114.1,19.7,74.2,76.2,30.00033149,97.2,42.10023738,16.9,86.82605523,142.9672761,32.8,27.8,34.1,39.2,114.7,132.1,16.8,31.8,16.2,8.2,57.1,22.3,20.4,,,27.3,28.2,71.7,20.6,,85.9,83,144.3,100.1
44,2003,,117.9,185.7,19.9,4.5,55.40544962,10.3,17.6,25.8,,13,5.9,5.2,59.9,139,5.3,131.4,167.1,74.1,15.1,11.3,15.7,9.2,10,21.7,,67.7,28.5,15.8,11.7,65.3,81.9,170.2,6.1,10.89564375,5.3,,9.5,28.9,136.5,139.8,147.9,102,22.9,100.1,27.7,11.2,26.2087316,7.7,,,5.5,4.8,5,94.3,15.3,5.2,38.1,36.5,35.21377248,70.25860308,33.2,29.93806038,18.1,24.9,39.6,5.187223079,75.9,5,8.5,124,6.35812655,115.2092468,4,22.6,4.9,,49.8,78.3,6.3,28.7,90.1,,143.5,105.5,158.2,143.7,5.2,14.6,,46.1,,43.4,7.8,,32.5,129.8357369,7.4,94.8,8.4,51.2146786,75.28645793,119.5968684,128.6805558,45.3,115.2624232,,81.2,,6,28.9,42.5,3.5,6.1,4.8,20.8,25.7,4,35.9,89.9,43.2,78.5,66.8,18.7,6.3,12.2,29.5810558,102.4,16.5,149.1,25.5,18.1,28.2,121.2708365,126.1,,15.2,85.1,75.83357639,123.3,26.87121294,9.5,4,11.9,,,43.6,4.7,23,90.7,29.6,37.2,22.7,40.3,65.41991245,14.2,191.7,7.1,82.5,40.0133034,12.2,49.8,,146.7,112.5,15.6,133.7,8.5,8,76,,191.8,169.1,32.7,5.7,4.4,68.7,38.9,6.9,11.19562096,13.8,87.86035309,105.2,24.3,30.7,36,24.2,75.7,8.1,139.481595,,38.8,5.6,31.6,27.8,28.14931138,6.754235184,,11.2,20,16.1,138.9,83.5,18.5,94.8,109.2,3.2,29.2,216,27.9,4.9,173.3,10.6,137.3604142,155.7,137.4,73.84431544,70.6,31.1,8.8,4.7,3.9,132.4,,13.8,20.5,,176.5,35.16410564,28.35600283,110.8,18.8,68.1,74,28.51160062,91.8,40.22589259,16.7,83.52870362,137.3536389,32.9,26.1,31.7,38.1,107.2,124.4,15.9,29.9,15.8,8.1,54.4,22.3,19.8,,,26.3,28.2,69,20.1,,81.3,84.3,132.7,99.4
45,2004,,114.1,177,18.5,4.4,53.66025602,10,17,24.5,,12.5,5.8,5.1,55.7,132.5,5.2,127.5,161.1,70.1,14.2,11,15.5,9,9.3,21.3,,64.1,26.6,15.8,11.6,61.5,78.2,168.3,6.1,10.4129688,5.2,,9.3,26.3,132.7,136,143.1,95.6,22.3,99.1,26.7,10.8,25.80125834,7.5,,,5.1,4.6,4.9,91.7,15.6,5,37.4,35,33.99367406,67.82126338,32.1,28.0429645,17.1,23.8,37.8,5.004421137,72.4,4.9,7.8,117.5,6.135274199,111.6556499,3.9,22.8,4.7,,48.4,76.5,6.2,26.5,87.8,,137.1,101.4,151.9,139.3,4.9,14.4,,44.3,,42.5,7.6,,31.1,124.1264313,7,92.4,7.9,49.21029122,72.53512956,114.947245,124.7039648,49.3,110.2657134,,77.8,,5.6,27.3,41.8,3.4,5.8,4.6,20.5,25,3.9,33.7,84.7,41.3,71.3,66.3,17.6,5.9,12,28.15258767,99.1,15.3,138,24.4,18.2,26.9,115.9271966,120.5,,29.2,82.5,73.05710011,124,24.99742808,9.3,3.8,11.1,,,41.7,4.6,21.1,86,28.7,35.6,21.6,40.1,63.09544118,14,181.4,7,80,38.27921431,11.4,45.6,,140,111.5,15.5,122.6,8.3,7.9,74.9,,180.4,163.2,31,5.5,4.2,65,38.6,6.7,10.70506992,13.2,85.58961293,103,23.7,28.7,35.1,23.5,75.1,7.8,133.7337337,,34.9,5.1,30.9,27.1,28.03602427,6.631547681,,10.8,19.3,14.9,123.9,80.4,17.5,91.7,101.3,3,29,209.8,26.4,4.7,173.3,9.7,131.7259251,147.5,131.8,72.18773005,66.2,30,8.5,4.5,3.7,131.4,,13.9,19.6,,173.2,33.98143259,26.57910851,107.7,17.9,62.5,71.9,27.14744059,86.7,38.47250111,16.6,80.43415541,131.7194934,32.9,24.5,29.5,37.1,100.5,116.5,15.2,28.1,15.2,8.1,51.7,22.3,19.2,,,25.5,28.2,66.5,19.8,,76.9,84.6,121.6,99.4
46,2005,,110.1,167.8,17.2,4.3,51.94740765,9.7,16.5,23.3,,12,5.7,4.9,52,125.4,5,123.9,154.1,66.2,13.3,10.7,15.2,8.9,8.5,20.9,,60.6,24.9,15.7,11.5,57.8,72,166.3,6.1,9.851110221,5.1,,9.2,24,128.8,132.2,138.3,88.7,21.6,97.4,26.3,10.5,25.39231292,7.2,,,4.8,4.4,4.7,89.3,16,4.8,36.8,33.5,30.95767226,64.59076885,29.3,26.28367272,16.1,22.8,36.1,4.82339913,69,4.7,7.1,111,5.888337674,108.1148366,3.7,23.1,4.6,,47,74.5,6,24.4,85.7,,131.4,97.5,145.5,134.8,4.6,14.1,,42.6,,41.6,7.4,,29.6,118.5798194,6.7,90.3,7.5,46.40139199,69.28528274,110.3859921,120.6579994,41.4,105.4204571,,74.5,,5.2,25.8,41.1,3.2,5.6,4.5,20.2,24.3,3.7,31.5,79.2,39.5,65.3,66.2,16.7,5.5,11.8,26.82375276,95.9,14.2,128.3,23.1,18.3,25.7,110.7224552,115,,14.3,78.8,69.78377082,123.8,22.99212776,9,3.6,10.5,,,39.9,4.5,19.6,81.5,22.6,34,20.6,39.9,60.14656485,13.7,171.3,6.9,77.5,36.61662739,10.6,41.7,,133.6,110,15.7,113.9,8.2,7.8,70.9,,169.2,157.3,29.3,5.3,4,61.5,38.5,6.6,10.22252404,12.8,82.59852313,100.9,23.1,26.8,34.4,22.7,74.2,7.6,128.068037,,32.9,4.7,30.2,26.4,27.92782081,6.459268998,,10.4,18,13.8,110.2,77.2,16.5,88.8,94,2.9,28.6,203.2,25,4.4,173.2,8.9,126.1398275,139.7,126.2,69.966201,62,29,8.2,4.3,3.6,129,,14,18.8,,169.7,30.9320784,24.93134062,104.6,17,57.7,69.7,25.88628366,81.7,36.79199993,16.5,77.17792092,126.1337554,32.9,23.1,27.5,36.1,94.3,108.8,14.5,26.3,14.4,8,49,22.3,18.5,,,24.8,28.3,63.5,19.4,,72.7,84,111.6,99.6
47,2006,,106.1,158.2,16,4.2,50.22822132,9.4,16.1,22.1,,11.5,5.6,4.8,48.7,118,4.9,121,146.5,62.5,12.5,10.3,14.7,8.6,7.9,20.6,,57.2,23.3,15.5,11.3,54.4,65.7,163.8,6,9.159533685,4.9,,9.1,21.9,125,128.2,133.6,82.2,21,95.4,26.2,10.4,25.03914083,6.9,,,4.6,4.1,4.6,86.7,16.5,4.6,36.3,32.1,29.09583561,61.84923193,27.5,24.64611734,15.3,21.9,34.5,4.65722881,65.9,4.5,6.5,104.9,5.637398846,104.6564885,3.6,23.4,4.5,,45.6,72.7,5.9,22.5,83.7,,126.1,93.7,139,130.4,4.3,14,,41.1,,40.8,7.2,,28.3,113.4105896,6.4,88.4,7.2,44.0455434,66.40536512,106.071095,116.681153,39.7,100.8967642,,71.2,,4.8,24.4,40.3,3.1,5.3,4.3,20,23.6,3.6,29.3,74.3,37.7,60.4,66.3,15.9,5.2,11.6,25.6350152,92.6,13.1,119.9,21.7,18.4,24.6,105.8285855,110,,13.5,75.8,66.88656244,122.7,21.33102772,8.7,3.4,9.9,,,38.2,4.4,18.7,77.3,20,32.5,19.8,39.6,57.58443422,13.1,162.4,6.8,74.8,35.01667196,9.8,38,,127.3,108,16,107.7,8,7.7,66.1,,158.5,151.5,27.8,5.1,3.9,58.2,38.6,6.5,9.801497994,12.4,79.09985909,98.8,22.5,25.2,33.6,22,73,7.3,122.6860614,,32.3,4.4,29.4,25.7,27.87804048,6.310688045,,10.1,16.2,12.8,98.3,74.1,15.5,86.1,87.2,2.9,28.2,196.1,23.7,4.1,172.6,8.4,120.7875589,132.5,120.8,67.35234105,58.2,28,7.9,4,3.4,119.9,,14.1,18,,166.2,29.05459503,23.3908997,101.7,16.2,53.6,67.6,24.76247377,76.8,35.17529112,16.6,74.10088234,120.7818478,32.9,21.8,25.6,35.1,89.3,101.6,13.9,24.7,13.5,7.9,46.3,22.2,17.9,,,24.3,28.5,60.9,19.2,,68.7,81.5,103.3,100.3
48,2007,,102,148.7,14.8,4.2,48.45640044,9.1,15.7,21,,11.1,5.4,4.6,45.6,110.6,4.8,118.6,138.6,58.9,11.9,9.8,14.1,8.3,7.2,20.3,,54.1,21.9,15.3,11.1,51.1,61.7,161.3,5.9,8.504076218,4.8,,9.1,20,121.1,124.2,129,76.1,20.4,93,26.2,10.4,24.66707426,6.6,,,4.3,3.9,4.5,84.1,17.3,4.5,35.8,30.7,27.35319238,59.12678882,25.9,23.16274462,14.5,21,33,4.529161488,62.9,4.4,5.9,99,5.420919606,101.1278528,3.5,23.7,4.4,,44.2,70.5,5.8,20.8,81.5,,121.3,90.1,132.4,126,4.1,13.9,,39.6,,39.9,7,,27,108.4895957,6.2,86.6,6.9,41.71527658,63.58390615,101.9082369,112.7390109,37.9,96.57671168,,68,,4.6,23.1,39.5,3,5.1,4.2,19.8,23,3.5,27.1,69.9,35.8,56,66.4,15.3,4.8,11.5,24.53687558,89.4,12.2,113,20.2,18.5,23.5,101.1488266,105.2,,12.8,72.9,64.047886,119.3,19.83960722,8.1,3.3,9.3,,,36.6,4.3,18,73.3,17.8,31.1,19,39.4,55.06869916,12.3,154.6,6.8,72.1,33.49072928,9,34.7,,120.5,105.7,16.1,103.1,7.9,7.6,60.9,,148.7,145.7,26.3,4.9,3.7,55.2,38.9,6.4,9.381976682,12.1,75.6726148,96.8,22,23.8,33,21.3,71.7,7,117.5091317,,32.2,4.2,28.6,25,27.79578242,6.134703308,,9.8,14.4,12,88.1,71.1,14.6,83.5,81.1,2.9,27.7,188.6,22.5,3.9,170.5,8.1,115.4950125,125.7,115.5,64.77476655,54.6,27.1,7.7,3.8,3.3,113.4,,14.1,17.2,,162.3,27.29216593,21.99817821,98.7,15.4,50.2,65.6,23.72779541,72.4,33.63394438,16.7,71.14036485,115.4896668,32.8,20.5,23.8,34.1,84.7,94.9,13.4,23.1,12.7,7.7,43.7,22,17.4,,,23.9,28.6,58.3,19,,64.9,75.4,98.1,99.4
49,2008,,97.9,139.3,13.8,4.1,46.66733422,8.8,15.4,20,,10.7,5.2,4.5,42.7,103.4,4.7,116.7,130.8,55.6,11.5,9.3,13.3,7.9,6.6,19.9,,51.1,20.7,15,10.9,48.1,59.3,158.4,5.8,7.936341889,4.7,,9.1,18.5,117.1,119.7,124.5,70.9,19.8,90.5,26,10.4,24.16544214,6.4,,,4.1,3.7,4.4,81.5,18.3,4.3,35.3,29.4,26.58970825,56.75518992,25.2,21.74856823,13.7,20.1,31.6,4.392836621,60,4.2,5.4,93.5,5.200004332,99.01526325,3.3,23.9,4.3,,42.7,68.2,5.6,19.2,78.9,,116.8,86.9,126,121.6,4,14,,38.1,,39.1,6.8,,25.9,103.7440153,5.9,85,6.5,39.46373559,61.01658596,98.33982703,108.8198123,36.3,93.13407187,,64.7,,4.4,21.8,38.6,2.9,4.9,4.1,19.4,22.3,3.4,24.8,65.4,33.7,51.9,66.3,14.8,4.5,11.3,23.57228383,86.3,11.4,107.1,18.8,18.5,22.6,97.39537628,100.5,,12.3,70.3,61.46246226,117.1,18.60588882,7.4,3.1,8.8,,,35,4.2,17.6,69.4,16,29.8,18.4,39.2,52.83801773,11.5,147.7,6.7,89.7,32.03526119,8.2,31.6,,113.9,103.1,15.8,97.7,7.8,7.5,57,,139.6,140.1,25,4.7,3.5,52.3,39.2,6.4,9.034290793,11.9,72.79080986,94.8,21.3,22.5,32.4,20.6,70.1,6.7,112.4765914,,31.8,4.1,27.7,24.5,27.66997918,5.98702702,,9.5,13,11.2,79.2,68.2,13.7,81.1,75.7,2.8,27.1,180.5,21.4,3.7,167,7.9,110.3653748,119.2,110.4,62.58709814,51.3,26.2,7.4,3.6,3.2,108.7,,14.2,16.6,,158.4,26.52540078,20.67377724,95.9,14.7,47.3,63.6,22.8211193,68.6,32.16110485,16.9,68.15210791,110.3603939,32.4,19.4,22.1,33.1,80.5,88.8,12.9,21.7,11.9,7.6,41.1,21.7,17,,,23.5,28.8,56,18.9,,61.3,69.6,93.3,96.9
50,2009,,93.9,130,12.8,4,45.02127582,8.6,15,19,,10.3,5,4.4,40,96.7,4.6,115,123.3,52.3,11.1,8.9,12.5,7.5,6,19.5,,48.4,19.6,14.8,10.7,45.1,55.6,154.9,5.7,7.438978262,4.6,,9,17,113.2,115.4,120.2,66.6,19.1,88,25.7,10.2,23.72302208,6.2,,,3.8,3.5,4.3,79.1,19.4,4.2,34.8,28.3,24.41960479,53.8567088,23.2,20.51221857,13.1,19.2,30.3,4.307177886,57.6,4,5,88.4,5.023375908,94.20053488,3.2,24,4.3,,41.4,65.6,5.4,17.8,75.9,,112.7,83.8,119.8,117.3,3.9,14.1,,36.7,,38.3,6.7,,24.7,99.27941411,5.7,83.5,6.2,37.29849465,58.21801078,94.01838989,104.9969008,34.8,88.52012045,,61.6,,4.3,20.6,37.8,2.8,4.7,4.1,19.1,21.7,3.3,22.6,61.1,31.6,48.1,65.8,14.4,4.3,11.1,22.66435048,83.3,10.8,102.1,17.6,18.5,21.8,92.39142084,96.1,,11.9,67.1,58.64158992,110,17.40719322,6.7,3,8.3,,,33.5,4.1,17.4,65.5,14.4,28.6,17.8,39,50.26554224,10.9,141.5,6.7,66.7,30.7614617,7.4,28.8,,107.6,100.6,15.4,93.2,7.8,7.3,55.9,,131.3,134.7,23.7,4.6,3.4,49.7,39.2,6.3,8.723320785,11.7,69.59581117,92.8,20.7,21.4,31.9,20,68.3,6.3,107.7028292,,30.9,4,26.9,23.9,27.98486045,5.85129013,,9.3,12,10.7,71.3,65.3,12.8,78.9,70.9,2.8,26.4,171.9,20.3,3.5,163.1,7.8,105.404849,112.9,105.4,60.17528618,48.3,25.4,7.2,3.4,3.1,102.1,,14.2,16.2,,154.4,24.3409618,19.51278464,93.1,14,44.8,61.4,21.96035465,65.2,30.87499163,17.1,65.32650222,105.4002195,32,18.3,20.6,32.2,76.9,83.4,12.3,20.3,11.2,7.5,38.6,21.3,16.8,,,23.2,29,53.5,24.2,,58.4,62.3,88,92.7
51,2010,,90,121.3,12,3.9,43.48897315,8.4,14.5,18,,9.8,4.8,4.3,37.4,90.6,4.5,113.6,116.1,49.2,10.7,8.5,11.7,7.2,5.5,19,,46,18.7,14.5,10.6,42.5,49.9,150.9,5.6,7.100372197,4.6,,8.8,15.8,109.8,110.4,116.1,63.1,18.5,85.3,25.1,10,23.21089964,6,,,3.6,3.4,4.2,76.7,20.8,4.1,34.3,27.4,23.12039875,51.86985771,21.9,19.41564428,12.5,18.3,29,4.178699907,55.3,3.8,4.5,83.7,4.849740801,93.2380501,3,24,4.2,,40.2,63.3,5.2,16.6,72.4,,108.8,80.8,113.8,113.5,3.9,14.3,,35.4,,37.6,6.5,,23.7,96.40336365,5.5,210.9,6,35.2691604,56.01916046,91.10720029,101.4186344,33.2,85.90784452,,58.4,,4.2,19.6,36.9,2.7,4.6,4,18.7,21.1,3.2,20.4,58.4,29.6,44.4,64.9,14.2,4.1,10.8,25.39362781,80.4,10.3,97.5,16.6,18.4,24.4,89.50909597,93.5,,11.6,64.3,56.42286665,99.2,16.41809659,6,3,7.8,,,32,4,17.2,61.8,13.1,27.6,17.3,38.8,48.04528402,10.4,135.7,6.7,64,29.65127364,6.8,26.3,,103.1,97.9,15,88.6,7.7,7.2,53.4,,123.6,129.6,22.6,4.4,3.2,47.1,38.8,6.2,8.409995295,11.6,65.76136854,90.8,20.1,20.3,31.3,19.3,66.4,6,103.2217101,,29.5,3.9,26.1,23.5,27.2200812,5.669218063,,9.1,11.5,10.4,64.4,62.5,12,76.8,66.5,2.8,25.7,163.2,19.4,3.3,158.6,7.6,100.8511144,107.1,100.9,57.15530671,45.5,24.6,7,3.2,3,92.9,,14.2,16,,150.2,23.04396207,18.49045883,90.4,13.3,42.8,59.4,24.38596939,62.2,29.7523645,17.4,62.45336715,100.8468192,31.4,17.4,19.2,31.1,73.4,78,11.7,19.2,10.7,7.3,36.2,20.8,16.6,,,22.9,29.1,51.5,18.6,,56.4,59.3,82.4,87.5
52,2011,,86.2,113.2,11.3,3.9,42.17024357,8.3,13.9,17.1,,9.5,4.6,4.2,35,85.1,4.4,112.2,109.4,46.3,10.3,8.2,10.8,6.8,5.1,18.4,,44,17.9,14.2,10.5,40.1,48.8,146.8,5.6,6.804569645,4.5,,8.5,14.6,106.6,105.8,112.1,60.2,18,82.7,24.3,9.9,22.61901233,5.9,,,3.5,3.3,4.1,74.4,22.5,4.1,33.9,26.7,21.90268723,48.91493889,20.8,18.38673685,11.9,17.5,27.8,4.097541248,53.2,3.7,4.2,79.2,4.714825577,87.94447177,2.9,24,4.2,,38.9,61.2,5,15.5,68.9,,105.1,78,108.2,109.8,3.9,14.6,,34.1,,36.8,6.3,,22.7,90.85073205,5.3,80.6,5.9,33.29456113,53.36007739,86.87548804,97.99114158,31.8,81.24250272,,55.3,,4.1,18.8,36,2.6,4.4,3.9,18.2,20.5,3.4,18.3,56.3,27.8,41.1,63.7,14,4,10.4,21.1588406,77.7,9.8,93.4,17.6,18.3,20.3,84.44382081,87.9,,11.2,61.7,53.73917202,98.4,15.45048384,5.5,2.9,7.3,,,30.6,3.9,17,58.3,11.9,26.7,16.8,38.5,45.91689991,10.3,130.7,6.6,61.4,28.80153065,6.1,24.2,,97.6,95,14.9,83.1,7.6,7.1,52.3,,116.4,124.7,21.6,4.3,3.1,44.8,38.3,6.1,8.16760408,11.5,63.29901196,88.8,19.5,19.4,30.9,18.7,64.7,5.6,98.91136937,,27.6,3.8,25.4,23.1,26.92701321,5.576497874,,8.9,11.3,10.1,57.5,59.7,11.2,74.8,62.6,2.8,24.9,154.3,18.4,3.1,153.5,7.4,96.29359826,102.1,96.3,55.21970536,42.9,23.8,6.8,3,3,81.4,,14.3,16.2,,146.1,21.83495985,17.52531668,87.7,12.7,41,57.5,20.49622177,59.6,28.89501258,17.5,59.67157394,96.28964105,30.7,16.5,17.9,30.1,69.5,73,11.2,18.1,10.2,7.2,33.8,20.1,16.6,,,22.7,29.3,49.1,18.5,,55.5,51.2,78.6,81.2
53,2012,,82.6,105.8,10.7,3.8,41.07953447,8.2,13.3,16.3,,9.1,4.3,4.1,32.6,79.9,4.3,110.5,103.2,43.6,9.8,8,10,6.6,4.8,17.8,,42.2,17.3,14,10.5,38.1,46,142.9,5.5,6.581144922,4.4,,8.4,13.5,103.5,101.5,108.3,57.6,17.4,80.4,23.3,9.8,22.03171428,5.8,,,3.3,3.2,4,72.2,24.4,4.1,33.5,26.1,20.79241474,46.70151723,19.7,17.41152387,11.4,16.7,26.7,3.997801662,51.3,3.6,3.9,75.1,4.580434994,85.06037873,2.8,24,4.1,,37.7,59,4.8,14.5,65.2,,101.6,75.3,103,106.4,4,15,,32.9,,36,6.1,,21.9,86.85445205,5.2,79.3,5.7,31.54623993,51.15797579,83.49832172,94.55359754,30.6,77.87774523,,52.4,,4,18,35.1,2.5,4.2,3.8,17.7,19.9,3,16.4,54.4,26.2,38.1,62.3,13.9,3.8,10,20.57232487,75,9.4,89.7,15,18.1,19.7,80.75028162,84,,10.8,59.2,51.51474063,97.4,14.56345326,5.2,2.8,6.7,,,29.2,3.8,16.8,55,10.8,26.1,16.4,38.1,43.97068216,10.4,125.9,6.6,59,28.09964007,5.6,22.4,,92.2,92.3,14.8,75.9,7.5,6.9,52.1,,109.9,119.9,20.7,4.2,3,42.4,37.6,6,7.893377789,11.4,60.89233077,86.6,18.9,18.5,30.4,18,62.9,5.4,94.75276337,,25.7,3.7,24.6,22.8,26.59722623,5.413762084,,8.7,11.1,9.8,52.2,57,10.5,72.9,59,2.8,24.1,145.6,17.6,2.9,148.9,7.1,92.0288996,98.6,92.1,53.30842511,40.5,23,6.6,2.9,3,70.1,,14.4,17.7,,142.2,20.73425618,16.62090715,85.1,12.1,39.5,55.8,19.91510825,57.2,28.18680073,17.5,57.01441546,92.02526307,30,15.8,16.6,29.2,66.2,67.3,10.7,17.2,9.9,7.1,31.6,19.5,17,,,22.4,29.3,47.1,18.4,,55.4,47.1,74.9,73.8
54,2013,,79.2,99.2,10.1,3.7,40.0062902,8.3,12.7,15.5,,8.7,4.2,3.9,30.4,75.2,4.2,108.5,97.5,41,9.3,7.8,9.3,6.4,4.5,17.1,,40.5,16.7,13.7,10.5,36.4,43.1,139,5.5,6.309093811,4.4,,8.3,12.5,100.6,97.4,104.7,55.3,16.8,77.9,22.2,9.7,21.40261788,5.7,,,3.1,3.1,4,70,26.6,4.1,32.9,25.7,19.78093475,44.55182119,18.8,16.50574941,10.9,16.1,25.6,3.944321216,49.4,3.5,3.6,71.2,4.462805565,82.32083345,2.6,24.1,4.1,,36.5,56.9,4.6,13.6,61.5,,98.2,72.8,98.4,102.8,4.2,15.4,,31.7,,35.1,6,,21,83.21177557,5,77.9,5.6,29.9078641,49.11582559,80.36743483,91.30349052,29.4,74.79877736,,49.5,,3.9,17.3,34.1,2.4,4.1,3.7,17.2,19.2,2.9,14.7,52.3,24.8,35.7,60.9,13.9,3.7,9.5,20.005054,72.5,9,86.3,14.4,17.9,19.2,77.40400343,80.6,,10.4,56.8,49.45202235,95.8,13.74743721,5,2.8,6.1,,,27.9,3.7,16.5,52.3,10,25.4,15.9,37.5,42.14025626,10.8,121.6,6.6,56.6,27.38429316,5,21,,87.2,89.5,14.8,70.4,7.4,6.8,50.5,,104.1,115.6,19.9,4.1,2.9,40.3,36.8,5.9,7.659506922,11.3,58.76596275,84.3,18.4,17.7,30,17.4,60.8,5.2,90.99447478,,23.9,3.7,23.8,22.5,26.27383797,5.305300858,,8.5,10.6,9.5,48,54.3,9.8,71,55.6,2.7,23.4,137.3,16.9,2.7,144.1,6.9,88.17512108,96.9,88.2,51.59773576,38.5,22.2,6.4,2.7,2.9,65.7,,14.4,17.6,,138.4,19.73206094,15.77693235,82.6,11.5,38.2,54,19.35126079,55.1,27.46533326,17.3,54.34633765,88.1717776,29.2,15.1,15.5,28.3,63.6,62.7,10.2,16.3,9.6,7,29.5,18.8,17.9,,,22.2,29.1,45.2,18.1,,55.4,43.6,71.6,66.8
55,2014,,76,93.6,9.7,3.6,39.09198305,8.5,12,14.7,,8.3,4,3.8,28.4,70.8,4.1,106.2,92.6,38.6,8.8,7.7,8.6,6.2,4.3,16.4,,39,16.2,13.4,10.5,34.8,42.2,134.8,5.4,6.033259269,4.4,,8.1,11.6,97.7,93.8,101,53.3,16.2,75.5,21,9.5,20.81401851,5.7,,,3,3.1,3.9,67.8,28.9,4.2,32.3,25.3,18.8810665,42.54302301,17.9,15.60747608,10.4,15.5,24.7,3.868155167,47.6,3.3,3.3,67.5,4.34768127,79.78415762,2.5,24.3,4.1,,35.3,54.6,4.5,12.8,58,,94.9,70.2,94.5,99.3,4.4,15.9,,30.6,,34.3,5.8,,20.3,79.83873208,4.9,76.5,5.4,28.42812527,47.25421261,77.45379059,88.25360398,28.3,71.95496672,,46.7,,3.8,16.6,33.2,2.3,4,3.6,16.7,18.7,2.8,13.2,50.5,23.5,33.6,59.3,13.9,3.6,9.1,19.54658664,70.1,8.7,83,13.8,17.6,18.7,74.33359383,77.4,,10,54.6,47.57337455,94.7,13.00267165,5,2.7,5.5,,,26.6,3.6,16.3,49.9,9.3,24.8,15.4,36.7,40.46361948,11.4,117.7,6.6,54.4,26.75919913,4.6,19.8,,83.2,86.8,14.7,65.7,7.5,6.7,49,,98.6,111.6,19.2,4.1,2.8,38.3,35.9,5.7,7.416886738,11.2,56.93814682,81.9,17.8,16.9,29.6,16.9,59,5,87.54696393,,22.4,3.7,23.1,22.2,25.89764866,5.201182446,,8.3,10,9.1,44.7,51.7,9.1,69.1,52.6,2.7,22.6,129.4,16.2,2.6,139.8,6.6,84.68399187,96.4,84.7,50.11316521,36.7,21.6,6.2,2.5,2.9,62.2,,14.5,17.5,,134.7,18.83909653,14.93665364,80.1,11,37,52.2,18.8738967,52.9,26.83593373,17.1,51.73936953,84.68091981,28.5,14.5,14.4,27.4,61.3,59,9.8,15.5,9.3,6.9,27.5,18.1,19.7,,,21.9,28.7,43.5,17.7,,55.4,41.3,68,61.1
56,2015,,73.1,88.9,9.4,3.5,38.20121052,8.7,11.4,14,,8,3.8,3.7,26.4,67.1,4,103.7,88.4,36.4,8.3,7.6,8,6,4.1,15.6,,37.5,15.7,13.1,10.5,33.4,40.6,130.2,5.3,5.754863297,4.3,,7.9,10.8,94.9,90.1,97.6,51.3,15.7,73.2,19.7,9.4,20.16532614,5.6,,,2.9,3.1,3.9,65.7,31.2,4.2,31.6,24.9,18.06312287,40.70380859,17.1,14.72280406,9.9,15.1,23.7,3.852237804,46.1,3.2,3.1,64.2,4.284453479,77.35912763,2.4,24.6,4.2,,34.2,52.5,4.5,12.1,54.7,,91.7,67.9,90.7,96,4.8,16.3,,29.6,,33.3,5.7,,19.6,76.57666092,4.8,75,5.1,27.1082462,45.51978925,74.61559726,85.21196252,27.2,69.22905826,,44.1,,3.7,16,32.3,2.3,3.8,3.5,16.2,18.1,3,12,48.7,22.3,32,57.8,13.9,3.5,8.8,19.1502465,67.9,8.4,80.1,13.3,17.3,18.3,71.4193764,74.4,,9.5,52.4,45.82274307,93.8,12.3194924,5,2.7,5,,,25.4,3.5,16,47.8,8.8,24.2,14.8,35.8,38.91175126,12.2,113.7,6.6,52.4,26.13322301,4.1,18.8,,78.6,84.1,14.4,61.7,7.6,6.7,47.2,,93.5,107.5,18.5,4,2.7,36.6,35,5.6,7.203221998,11.2,55.10179349,79.5,17.2,16.2,29.1,16.3,57.1,4.9,84.15349494,,21,3.7,22.4,21.9,25.56160374,5.1472242,,8.1,9.2,8.6,42,49.3,8.4,67.1,49.8,2.7,21.9,122.2,15.5,2.5,135.6,6.3,81.34092827,96.4,81.4,48.60333148,35.1,20.9,6,2.4,2.9,57.8,,14.5,17.2,,130.8,18.0277905,14.11095575,77.7,10.4,35.8,50.5,18.459353,51.2,26.20583784,16.7,49.28299344,81.33810958,27.7,14,13.4,26.6,58.3,55.3,9.4,14.9,8.9,6.8,25.6,17.4,22.5,,,21.6,28.2,41.9,17.3,,55.4,40.3,64.9,57
57,2016,,70.4,84.6,9.1,3.4,37.44802393,9,10.9,13.3,,7.7,3.7,3.6,24.6,63.9,3.9,101,84.5,34.3,7.9,7.5,7.6,5.9,3.9,14.9,,36.1,16.3,12.8,10.5,32,39.3,125,5.2,5.506669404,4.3,,7.7,10,91.8,86.8,94.4,49.4,15.2,71.1,18.5,9.2,19.52857216,5.5,,,2.8,3.2,3.8,63.7,32.9,4.3,30.8,24.5,17.31164139,38.96672233,16.4,13.86841963,9.4,14.8,22.9,3.790390523,44.5,3.1,2.9,61.2,4.185288212,75.04805074,2.3,25,4.2,,33.1,50.1,4.4,11.4,51.8,,88.7,65.8,87.4,92.8,5.1,16.6,,28.6,,32.3,5.6,,18.9,73.58451051,4.7,73.4,4.8,25.91469408,43.9436568,71.98809184,82.40233975,26.3,66.70955146,,41.6,,3.6,15.5,31.3,2.2,3.7,3.4,15.7,17.6,2.7,10.9,47.1,21.1,30.6,56.2,13.8,3.4,8.4,19.144139,65.6,8.1,77.4,12.8,17,18.3,68.73337765,71.6,,9.1,50.4,44.23226648,88.9,11.75964805,4.7,2.6,4.6,,,24.3,3.4,15.7,45.9,8.3,23.6,14.1,34.9,37.4957655,13,109.6,6.5,50.5,25.61200081,3.8,18,,74.8,81.5,13.8,58.4,7.7,6.6,45.2,,88.7,103.8,17.9,4,2.6,35,34,5.4,6.935280401,11.3,53.12758456,77.1,16.7,15.5,28.6,15.8,55.2,4.8,81.03776378,,20,3.7,21.6,21.4,25.23034459,5.038939222,,7.8,8.5,8,39.8,46.9,7.9,65.2,47.5,2.8,21.2,115.9,15,2.3,131.5,6,78.25887187,96.4,78.3,46.97383285,33.7,20.2,5.8,2.3,2.9,56.3,,14.4,17.5,,126.9,17.27892391,13.31036218,75.3,10,34.6,48.8,18.40505301,49.4,25.68589068,16.4,46.89541769,78.25628133,26.9,13.5,12.5,25.7,56.1,51.6,9.1,14.4,8.6,6.7,23.9,16.8,26.4,,,21.3,27.6,40.5,16.9,,55.4,38.5,62.4,53.3
58,2017,,67.9,81.1,8.8,3.3,36.66120181,9.1,10.4,12.6,,7.4,3.5,3.6,23,61.2,3.8,98.3,81.2,32.4,7.5,7.3,7.2,5.7,3.7,14.2,,34.9,14.8,12.4,10.5,30.8,37.6,121.5,5.1,5.253083595,4.2,,7.4,9.3,88.8,84,91.1,47.5,14.7,69,17.4,9,18.89113422,5.4,,,2.7,3.3,3.7,61.7,34,4.3,29.9,24,16.62576695,37.41085026,15.8,13.13674943,9,14.5,22.1,3.750166947,43.1,3.1,2.7,58.5,4.096864516,72.86363547,2.3,25.3,4.2,,32.2,48.3,4.3,10.8,49.3,,85.7,63.6,84.2,89.6,5.3,16.7,,27.6,,31.3,5.4,,18.2,70.88979283,4.6,71.7,4.5,24.80164712,42.49706432,69.57187792,79.77097769,25.4,64.42197442,,39.4,,3.5,14.9,30.4,2.1,3.6,3.4,15.2,17,2.6,10,45.6,20,29.2,54.6,13.7,3.3,8.1,18.54668829,63.4,7.8,74.7,12.4,16.6,17.7,66.32622332,69.1,,8.8,48.5,42.772961,85.9,11.06264089,4.3,2.6,4.2,,,23.3,3.3,15.5,44.2,7.9,23.1,13.4,34,36.17544194,13.7,106,6.4,48.6,25.05394323,3.5,17.2,,72.4,79,13.1,55.4,7.9,6.5,44.2,,84.5,100.2,17.2,3.9,2.6,33.7,33,5.3,6.681087424,11.3,51.39122031,74.9,16.1,15,28.1,15.3,53.4,4.7,78.17877655,,19,3.7,21,20.9,24.87706865,4.950960468,,7.6,7.8,7.6,37.9,44.8,7.4,63.2,45.4,2.8,20.6,110.5,14.5,2.2,127.2,5.7,75.46040254,96.4,75.5,45.52669329,32.4,19.6,5.6,2.1,2.8,53.9,,14.2,17,,123.2,16.59648206,12.62276299,72.9,9.5,33.6,47.3,17.8121575,47.6,25.12857651,16,44.76608911,75.458016,26.1,13,11.6,24.9,54,49,8.8,13.7,8.2,6.6,22.5,16.2,30.9,,,20.9,26.9,39.1,16.5,,55.4,37.1,60,50.3
59,2018,,,,,,,,,,,,,,,,,,,,,,,,,,,,,,,,,,,,,,,,,,,,,,,,,,,,,,,,,,,,,,,,,,,,,,,,,,,,,,,,,,,,,,,,,,,,,,,,,,,,,,,,,,,,,,,,,,,,,,,,,,,,,,,,,,,,,,,,,,,,,,,,,,,,,,,,,,,,,,,,,,,,,,,,,,,,,,,,,,,,,,,,,,,,,,,,,,,,,,,,,,,,,,,,,,,,,,,,,,,,,,,,,,,,,,,,,,,,,,,,,,,,,,,,,,,,,,,,,,,,,,,,
